,A,B,C,D
2025-03-26,0.09934283060224654,1.699677718293001,-0.20255348249231445,1.596467066402933
2025-03-27,0.07218055641259122,1.4573210067344102,0.006623568056022981,1.5361251312030244
2025-03-28,0.3282070384151997,1.0098817628013288,-0.13789255965316022,1.2001962415633685
2025-03-29,0.6001261779429448,0.631868100272819,0.05704967358188716,1.2890439517976509
2025-03-30,0.34258766736398333,1.27017265080968,-0.3694150692910745,1.243345248882589
2025-03-31,0.4325981472143669,1.0743252546012476,0.3113920714664045,1.818315473282019
2025-04-01,0.8804850364965138,1.2729322249235444,0.2958818492700069,2.449299110690065
2025-04-02,0.7977046330682729,1.082428088125473,0.09777121813499423,1.97790393932874
2025-04-03,0.6234612137125324,1.221483067006833,0.587192042838372,2.4321363235577373
2025-04-04,0.8918389183446763,0.3539923624903804,0.7162365753991977,1.9620678562342544
2025-04-05,0.748787446245404,1.1989993386853026,-0.0028424207064892126,1.9449443642242175
2025-04-06,0.798061409347384,0.5523959237717772,0.29386979536079494,1.644327128479956
2025-04-07,0.9804315402804332,1.3999881907893061,0.33389976845884606,2.7143194995285853
2025-04-08,0.5809021364856334,-0.07709508042019658,0.32321547540338014,0.827022531468817
2025-04-09,0.6404661634858537,1.0379490444828654,0.8930601398172157,2.5714753477859347
2025-04-10,0.8850374807558599,0.16969259339902681,0.6234909183914931,1.6782209925463798
2025-04-11,0.7970073789746204,-0.354908524108513,0.6380016385063396,1.080100493372447
2025-04-12,1.0545142769715234,-0.37078741132268567,0.15012169581826673,0.8338485614671045
2025-04-13,0.792242815773953,-0.38737574879024717,0.9739523186902513,1.3788193856739572
2025-04-14,0.6638393474203561,-0.11120659366254537,0.441637986333332,0.9942707400911428
2025-04-15,1.2024271806099924,-0.1547290925293926,0.859450773887795,1.9071488619683947
2025-04-16,0.8180541065515665,-0.791696106569147,0.9506363069814745,0.976994306963894
2025-04-17,0.8220020447571749,-0.6006784133858373,1.2994049388130307,1.5207285701843682
2025-04-18,0.4607555749340287,0.4048591580261074,0.5201178205247875,1.3857325534849236
2025-04-19,0.5665866356461141,0.1263778695091099,0.026185439220978823,0.7191499443762028
2025-04-20,0.6206566620459296,-0.5829817807099177,1.0041394827816947,1.0418143641177067
2025-04-21,0.2853026563370036,-0.8378870142848471,1.503711539870449,0.9511271819226055
2025-04-22,0.5025194839029642,-0.8440564786579305,1.3474072637084902,1.0058702689535237
2025-04-23,0.21486041217214366,-0.63546335430345,1.048347554570848,0.6277446124395417
2025-04-24,0.1809105792553266,-1.4823544477487935,0.8452221353479743,-0.4562217331454925
2025-04-25,0.020778685613987824,-1.118680765312118,1.2396317655952476,0.14172968589711732
2025-04-26,0.41203629933507807,-1.8334271872120742,0.7077199042780165,-0.7136709835989796
2025-04-27,-0.06107358837516687,-0.7986832144921134,1.1424809338483708,0.2827241309810905
2025-04-28,-0.36928787993442874,-0.6638818000574944,1.148506076203907,0.11533639621198377
2025-04-29,-0.09103211960619384,-1.208391423729148,1.3097277827021325,0.010304239366790702
2025-04-30,-0.5949519576838243,-0.14946330564577992,1.8118839585472601,1.067468695217656
2025-05-01,-0.4007477242939014,-1.5096412478353176,1.0915724210318252,-0.8188165510973939
2025-05-02,-0.9217701656844486,-1.5802874718153181,0.8085861152630502,-1.6934715222367163
2025-05-03,-0.8774951007224054,-0.6787418026344305,0.9386277940298161,-0.6176091093270198
2025-05-04,-0.6483939120101494,-0.2023831528940626,0.3982369435371338,-0.4525401213670782
2025-05-05,-0.6091091793088461,0.1883202248653224,0.7008834874989642,0.2800945330554405
2025-05-06,-0.7840034548264168,-0.8042660779677385,0.764577637199444,-0.8236918955947113
2025-05-07,-0.8947054288912363,0.04907959537494838,0.7059828472684959,-0.13964298624779192
2025-05-08,-0.9763866758673126,-0.42005340683032905,0.8826052524086143,-0.5138348302890274
2025-05-09,-1.2473064719630016,-0.39364651994882915,0.5617704241049299,-1.079182567806901
2025-05-10,-1.1214989593440388,0.2310341693125565,1.1143823970852627,0.2239176070537804
2025-05-11,-1.0858187578254221,0.21400891227165583,0.7457673316521791,-0.12604251390158716
2025-05-12,-0.7884988123203177,-0.8005847419550153,0.70868325644926,-0.880400297826073
2025-05-13,-0.9274409509221483,0.8257691583023952,0.5770947655972752,0.4754229729775221
2025-05-14,-1.3350606436968793,0.8765580464963015,0.6843219072921973,0.2258193100916196
2025-05-15,-0.8941074807841795,-0.029119165291538462,0.8460016235042469,-0.07722502257147101
2025-05-16,-1.0028311384109954,0.5758795094316855,0.29754465267814656,-0.12940697630116327
2025-05-17,-1.018839055781345,0.7155317644417465,0.31806642509888716,0.014759133759288723
2025-05-18,-0.7099321844557273,0.6847112190911151,0.38091273265688286,0.3556917672922707
2025-05-19,-0.5665645830567969,0.3595402990199246,0.023618603191865317,-0.18340568084500697
2025-05-20,-0.5192843017471522,0.3728580903222342,0.1358836341358824,-0.010542577289035626
2025-05-21,-0.7991101425168485,0.7627888430145275,0.19212188809250696,0.15580058859018597
2025-05-22,-0.6125280177678805,1.4210772944688421,0.5497947665563626,1.3583440432573242
2025-05-23,-0.3983494931330438,1.1573195942385355,0.31801772791455946,1.0769878290200512
2025-05-24,-0.17876763940576418,0.7421712647009829,0.24849962077129034,0.8119032460665092
2025-05-25,-0.3752503457679839,1.3460196419745383,0.39638939671025886,1.3671586929168131
2025-05-26,-0.21929429960485844,-0.441002871872453,0.050253105712617756,-0.6100440657646937
2025-05-27,-0.30435639761870203,1.5709249472092692,0.15872011741195735,1.4252886670025244
2025-05-28,-0.22242742433178356,0.13000174699436529,-0.03937377324689793,-0.1317994505843162
2025-05-29,0.27905436932933325,0.8119644480566265,0.02123456139230845,1.1122533787782682
2025-05-30,0.4863679938019801,0.41675267841495156,-0.28302273181358295,0.6200979404033486
2025-05-31,0.29713933919731195,0.3028918540980764,-0.8893908416261774,-0.2893596483307891
2025-06-01,0.6055565001950032,1.494796541924579,-0.24718572032929098,1.8531673217902913
2025-06-02,0.5664405561481358,0.6355468896938792,0.17128333880315033,1.3732707846451653
2025-06-03,0.44941581346717524,0.9889770409907147,-0.025676892035951637,1.4127159624219383
2025-06-04,0.7292657198204718,0.7304419649037126,-0.06116398231226866,1.3985437024119156
2025-06-05,1.0365763534190704,0.9230670800543667,-0.02630895074409484,1.9333344827293422
2025-06-06,0.7865026560271628,0.6467622600623822,-0.4159231660064212,1.0173417500831237
2025-06-07,1.163365351791366,-0.11541859471318028,-0.4275919364340211,0.6203548206441647
2025-06-08,0.374759074993678,0.9366807372979604,-0.7151317095387985,0.59630810275284
2025-06-09,1.1023804776497836,0.09975702625436958,-0.6663831755504587,0.5357543283536946
2025-06-10,0.9853290856791208,-0.5270311067476207,-0.4271265460113768,0.031171432920123365
2025-06-11,0.9283667637838269,-0.060683718445091905,-0.28945980591452247,0.5782232394242125
2025-06-12,1.0168955006817055,0.8043353158798043,-0.729600041888274,1.0916307746732359
2025-06-13,0.6014275589195934,0.3791087454172095,-0.8582449035419356,0.12229140079486733
2025-06-14,0.9454238690558794,-0.31982610101254316,-0.756644107650949,-0.1310463396076128
2025-06-15,1.0413123251474357,-0.4181730058950055,-0.6081632297474606,0.014976089504969536
2025-06-16,1.2363093656280757,-0.4999723865925275,-1.2514335559044734,-0.5150965768689252
2025-06-17,0.7985177901015638,0.6069971468097997,-1.5348379870166178,-0.12932305010525447
2025-06-18,0.692900187509643,-0.3283209280009089,-1.0367368272610633,-0.6721575677523293
2025-06-19,0.698135703906583,-0.3869910790892888,-1.2612030860028312,-0.9500584611855369
2025-06-20,0.9174775214145282,-0.16357832030409136,-1.068607996043648,-0.31470879493321124
2025-06-21,0.7287194520141189,-0.6292520660841432,-0.9793866732036909,-0.8799192872737152
2025-06-22,0.47896515213835394,-0.9406140869720075,-1.0875765965964201,-1.5492255314300738
2025-06-23,0.6036743430805559,-0.9636101337836014,-0.5300328002794152,-0.8899685909824607
2025-06-24,0.4315339951113647,-0.946930891591709,-0.879506688284401,-1.3949035847647453
2025-06-25,0.5128273604559299,-0.9663327203860327,-0.896701550619988,-1.350206910550091
2025-06-26,0.08247929532477544,-0.6110288495856742,-0.807028860420444,-1.3355784146813425
2025-06-27,0.058921994187508056,-0.9662523825489537,-1.33970437409311,-2.2470347624545557
2025-06-28,-0.05364620517307377,-0.6333730034274169,-0.6881897213380203,-1.3752089299385108
2025-06-29,-0.367854110088233,-1.0375304462506696,-1.022022074936016,-2.427406631274919
2025-06-30,-0.11510272581006618,-0.9453702606360813,-0.7950204236634768,-1.8554934101096243
2025-07-01,-0.2195495719749663,-1.9614652220973636,-1.31210370587876,-3.49311849995109
2025-07-02,-0.3654564379234362,-0.47226243475351254,-1.4485802424291516,-2.2862991151061003
2025-07-03,-0.5044533204503507,-0.7159469146763645,-0.7265361719943122,-1.9469364071210273
2025-07-04,-0.8270952592994527,-0.34006647414662633,-0.8460014168338835,-2.0131631502799627
2025-07-05,-0.7091997134459552,-2.2286958692660273,-1.2141641349431596,-4.152059717655142
2025-07-06,-0.7684175908988975,0.3299217003631647,-1.1867136067101405,-1.6252094972458733
2025-07-07,-0.9281412636079063,-0.7106212316725802,-0.5681362061442736,-2.20689870142476
2025-07-08,-0.8600836114188556,-0.00689284905847054,-1.2402782235803516,-2.107254684057678
2025-07-09,-0.7988855886087624,-0.995489891558758,-0.366132607449803,-2.1605080876173233
2025-07-10,-0.5455382413707013,-0.07895123824054318,-1.1024536626182615,-1.7269431422295058
2025-07-11,-0.9217194537038207,-0.8179970633081719,-0.6120025781696404,-2.351719095181633
2025-07-12,-0.9294261519219387,-0.5062143868032374,-0.8713500302806825,-2.3069905690058583
2025-07-13,-1.0103254364596108,0.8615868259324424,-0.5591210811641915,-0.7078596916913599
2025-07-14,-1.3837444496105118,-0.0909155023936225,-0.8687745262046497,-2.343434478208784
2025-07-15,-0.9998553632938324,0.21295246345556007,-0.7180777290979496,-1.504980628936222
2025-07-16,-0.9671316871631117,0.6380387291631292,-0.6189908852536045,-0.948083843253587
2025-07-17,-0.4613708274050317,0.5475862872633173,-0.8923718173654511,-0.8061563575071655
2025-07-18,-0.9578007186209002,0.4687003189196791,-0.32843823897159985,-0.817538638672821
2025-07-19,-0.815142706221706,0.6657852599861186,-0.6622431474407339,-0.8116005936763213
2025-07-20,-0.8297709489097566,1.7699974223871124,-0.5331821540157622,0.4070443194615937
2025-07-21,-0.9957191914429385,0.6187869401370847,-0.7180688302224125,-1.0950010815282663
2025-07-22,-0.4649605218741183,0.8209820023483225,-1.1425767624688292,-0.786555281994625
2025-07-23,-0.46775050569967846,1.3113974941448454,-0.38436314364979135,0.4592838447953756
2025-07-24,-0.3783665285918255,1.3966169252114842,0.4443691282849489,1.4626195249046074
2025-07-25,-0.6315249554935476,1.4867212642895133,0.00430349807001576,0.8594998068659815
2025-07-26,-0.07767042004960717,1.25299875508923,-0.1879406181924134,0.9873877168472095
2025-07-27,-0.5436020039242571,0.393230161521368,-0.21165915761499704,-0.3620310000178861
2025-07-28,-0.04823275668825534,1.8029080684294116,-0.07634963497388249,1.6783256767672736
2025-07-29,0.371769227810795,0.42462558266923667,0.13095651800500616,0.9273513284850379
2025-07-30,-0.16448421780499922,1.1507523181205213,-0.33742994410830285,0.6488381562072192
2025-07-31,0.019972495499389578,0.613946946804574,0.40106149992221796,1.0349809422261815
2025-08-01,0.2514400981190672,0.9407633924009391,0.3311635994828669,1.523367090002873
2025-08-02,0.2267793083144532,1.1092412433116008,0.3814978235773375,1.7175183752033916
2025-08-03,0.11003435061341438,1.0681253891753326,0.3466627097307337,1.5248224495194809
2025-08-04,0.5223740593335807,1.071926993579948,0.2695451796809762,1.863846232594505
2025-08-05,0.3796127719620035,1.6127395921697731,0.5133997343034247,2.5057520984352015
2025-08-06,0.7642882483236386,0.9695163234606594,0.5361880936152138,2.2699926653995117
2025-08-07,0.556491043105688,0.5501147659081438,0.2986377073342912,1.405243516348123
2025-08-08,1.1137713075551288,1.0769642474540706,0.2779635419115474,2.468699096920747
2025-08-09,0.7025111563892493,1.1064392369154676,0.524670239717205,2.333620633021922
2025-08-10,0.8415424390673275,-0.19042936311783237,1.001653647896568,1.6527667238460633
2025-08-11,1.1063991129180386,0.629514912873976,0.20670764169202988,1.9426216674840444
2025-08-12,0.7258346381081848,0.5855361896952722,0.17822854843729197,1.489599376240749
2025-08-13,1.0360993426156961,-0.012044533472162361,0.7064148510897441,1.7304696602332779
2025-08-14,1.2607379396044034,0.7250117914466344,0.7091112554865697,2.6948609865376074
2025-08-15,0.676530005804116,-0.1378195164403469,0.7809715394369989,1.319682028800768
2025-08-16,1.023698735981074,-0.09932620976394714,0.8354570517339612,1.7598295779510882
2025-08-17,1.017634335398962,-0.34635326835569064,0.7267071874587115,1.3979882545019828
2025-08-18,1.0912596298801451,-0.3471347429979712,1.27003991059213,2.014164797474304
2025-08-19,0.647401029964887,-0.9946224348598681,0.3701654270856102,0.022944022190629076
2025-08-20,0.5816555085260782,-1.2536098278862664,0.6271176061588088,-0.044836713201379386
2025-08-21,0.8926403804986958,0.18190004865776532,0.8677316677669127,1.9422720969233738
2025-08-22,0.7822782841586132,-1.1144528548782897,0.4265465324827205,0.09437196176304402
2025-08-23,0.7003864102262921,-1.2553840875869748,0.8852436554451175,0.3302459780844348
2025-08-24,0.6404865115593823,-1.8975081512945267,1.4525933159979205,0.19557167626277616
2025-08-25,0.3503937445380999,-1.1932178568558323,0.9741856185202751,0.13136150620254272
2025-08-26,0.44319131256281274,-1.5794756771180425,1.048478054401805,-0.08780631015342477
2025-08-27,0.36173285140543854,-0.13194533681899578,0.6101188043252264,0.8399063189116691
2025-08-28,0.06359719833252303,-0.47354491814756716,0.8096903566993329,0.39974263688428874
2025-08-29,0.4809085545283936,-1.3382527977726772,0.8859844312774239,0.028640188033140168
2025-08-30,0.10272976796829307,0.12624960932281448,0.9046775442790486,1.1336569215701562
2025-08-31,-0.3301675496682114,-0.5048848653774913,1.3834344803409027,0.5483820652952
2025-09-01,-0.05954785964742343,-1.1440332353606957,1.1627010954751573,-0.04087999953296184
2025-09-02,-0.4828396507105296,-2.207362337760171,0.6559208595422722,-2.034281128928429
2025-09-03,-0.22465449643551869,0.22133848622224128,1.054801269150001,1.0514852589367236
2025-09-04,-0.24070287059698534,-1.5761587237440327,1.1193563353941218,-0.6975052589468962
2025-09-05,-0.7221887349571214,-1.652505171549095,1.298550278207889,-1.0761436282983274
2025-09-06,-0.44543145649908583,-0.25866274453724936,1.4148927626502847,0.7107985616139496
2025-09-07,-0.6292291569818234,0.5174791456669229,0.6180759526909796,0.5063259413760791
2025-09-08,-0.6139400465354005,0.06430837400887313,0.6589145803931918,0.1092829078666645
2025-09-09,-0.45778318148895725,-0.2650314027680558,0.50221113985648,-0.22060344440053303
2025-09-10,-0.9366446567820786,-0.16330141657871955,0.7843929503561862,-0.315553123004612
2025-09-11,-1.0798712456058677,0.056939515526984064,0.9674847787758833,-0.05544695130300026
2025-09-12,-1.1393003778046615,0.10430095684178564,1.0946874676002207,0.05968804663734484
2025-09-13,-1.1472270620747311,-0.03721335913842774,0.7446158497747304,-0.43982457143842857
2025-09-14,-1.012320407924417,-0.026577642755902117,0.6384428408976601,-0.400455209782659
2025-09-15,-0.9315440361096823,-0.010057755776115195,0.7450848262772901,-0.1965169656085074
2025-09-16,-0.937321220604629,-0.2560386945048605,0.4124263595931751,-0.7809335555163145
2025-09-17,-0.8101893556609528,0.07910242477807228,1.2515855702626244,0.5204986393797438
2025-09-18,-0.9462441195425426,-0.5307346521784494,0.10261888475634412,-1.3743598869646478
2025-09-19,-0.6218756343597212,0.3597229260015049,0.5990706173348057,0.33691790897658946
2025-09-20,-0.9201335461331726,0.0036606492129567236,1.1081027222267763,0.19162982530656048
2025-09-21,-0.26912327834356264,0.03024959379423986,0.4591809314031536,0.2203072468538308
2025-09-22,-0.625853777218675,0.7502637838208194,0.35510677474130825,0.47951678134345266
2025-09-23,-0.8527452768387564,1.4279926409812465,0.2588322840192829,0.8340796481617729
2025-09-24,-0.8190113220185066,1.2555107732930797,0.2649808578206298,0.7014803090952029
2025-09-25,-0.4258141065780945,0.0675062503192847,0.6831877765165918,0.324879920257782
2025-09-26,-0.4792581791370637,0.40582610409960124,-0.4406686592986061,-0.5141007343360686
2025-09-27,-0.19968051965119413,1.4099104877423638,0.6339195957693312,1.8441495638605008
2025-09-28,-0.15232613682191193,0.4777784961698951,-0.3027327222279818,0.022719637120001357
2025-09-29,-0.16356480834557335,0.8765207676956336,-0.005287408380789657,0.7076685509692706
2025-09-30,-0.21889438449204843,1.2737984060994862,-0.10399790063624079,0.9509061209711971
2025-10-01,-0.2525467571303582,0.5145557398116838,0.15134661578755543,0.41335559846888104
2025-10-02,0.06057421924954812,1.0413923712596491,-0.5545884260269336,0.5473781644822637
2025-10-03,0.41911396684765434,0.3017897119481079,0.013756762707830522,0.7346604415035928
2025-10-04,0.38613367764593953,0.6385365247212628,0.43296610576307437,1.4576363081302768
2025-10-05,0.18621760463049558,1.060144821818573,-0.632275000541627,0.6140874259074415
2025-10-06,0.5577019503279358,0.055795457099627854,-0.2148487761278255,0.39864863129973815
2025-10-07,0.6826033456653684,1.0160523387941436,-0.5181138469612564,1.1805418374982555
2025-10-08,0.505192132827909,0.7215671961821561,-0.23871296739401765,0.9880463616160475
2025-10-09,0.7823184365412562,0.9358944305820331,-0.4067787246923687,1.3114341424309208
2025-10-10,0.8253154811963054,0.6932788788467663,-0.6499819664886142,0.8686123935544574
2025-10-11,0.6390500410755444,1.1792560098581242,-0.3550434427178767,1.4632626082157918
2025-10-12,0.9845027227972843,0.4706943131373456,-0.0027166779533468466,1.4524803579812833
2025-10-13,1.0612814589215416,0.10019813712530773,-0.6425484616612259,0.5189311343856234
2025-10-14,1.1924307664020317,0.27972211930140106,-0.4091432662484289,1.0630096194550038
2025-10-15,1.2035268162428878,0.3917109295606207,-1.0512835099123472,0.5439542358911613
2025-10-16,0.7242590265512511,0.04478087849453159,-0.9868056006389463,-0.2177656955931636
2025-10-17,0.8092647862957747,-0.059267721676598877,-0.5929765470406823,0.15702051757849356
2025-10-18,1.0869137480603481,-0.5296788489281122,-0.322451001202793,0.23478389792944288
2025-10-19,1.0639099146845572,-0.6074675600249446,-0.6920703697653035,-0.23562801510569087
2025-10-20,1.03180477133845,-1.0718959617374881,-0.9217438782426,-0.9618350686416381
2025-10-21,1.6577038268232938,0.41332166717755714,-0.8550420070942776,1.2159834869065733
2025-10-22,0.9508337406746895,-1.169660877919911,-1.2548180801625852,-1.4736452174078067
2025-10-23,1.0049072898372127,-0.9749716852176417,-0.7210087120522136,-0.6910731074326426
2025-10-24,0.9019615756046204,-1.0622325902499872,-0.6580755029157845,-0.8183465175611513
2025-10-25,0.7677008464113985,-0.3230522071863482,-1.076508175134832,-0.6318595359097817
2025-10-26,0.4942612045895893,-0.977775947854541,-1.0976476605980388,-1.5811624038629906
2025-10-27,0.6234328471928496,-0.25792069120445726,-0.890234399025064,-0.5247222430366716
2025-10-28,0.22668544874742574,-1.261217087036056,-1.1119521508786703,-2.1464837891673003
2025-10-29,0.2396889299797233,-0.8184177247898157,-1.009262546886598,-1.5879913416966904
2025-10-30,0.09291396622961703,-1.3994601954231554,-0.3655197165564228,-1.6720659457499611
2025-10-31,0.10739724407710885,0.07672572006091438,-1.0730693821176158,-0.8889464179795926
2025-11-01,0.45408040404429784,-1.5937600359093935,-1.10749225215707,-2.2471718840221655
2025-11-02,-0.48208963394242943,-0.8391711758157481,-1.1927818281665932,-2.5140426379247707
2025-11-03,-0.07008438253185956,-0.6613812609404575,-0.771294996754008,-1.5027606402263252
2025-11-04,-0.6265077830489774,-0.7457837756745194,-1.042467278379829,-2.4147588371033257
2025-11-05,-0.49194205627932286,-1.0102218799707139,-1.1739896406477448,-2.6761535768977813
2025-11-06,-0.2693843930670363,-0.9382149899602287,-0.5714167878293579,-1.779016170856623
2025-11-07,-0.5590696512904713,-0.7983997223779342,-0.5281383485479978,-1.8856077222164034
2025-11-08,-0.8665112612521109,-0.8326110564726318,-1.1179730207333936,-2.8170953384581363
2025-11-09,-0.8665554978962386,-0.20839031780411765,-1.4792905110728607,-2.554236326773217
2025-11-10,-0.6528787361884834,0.4906093519812086,-0.5962591508293713,-0.7585285350366461
2025-11-11,-0.9922937305185979,-0.8115789128373143,-1.0808411224164296,-2.884713765772342
2025-11-12,-0.8518956499032868,-1.130591490233872,-0.6130152373375357,-2.595502377474695
2025-11-13,-0.9260955472137775,-0.39823481757198304,-1.4138597402822586,-2.738190105068019
2025-11-14,-1.096208223757234,1.030895070614548,-0.5256184283946843,-0.5909315815373701
2025-11-15,-0.5581267402555842,-0.5630752483090508,-1.1253351627032664,-2.2465371512679013
2025-11-16,-0.871298223515794,0.7576531087276132,-0.5094357401072127,-0.6230808548953936
2025-11-17,-1.4043045094681492,0.8768963206079908,-0.6892431644261922,-1.2166513532863505
2025-11-18,-0.9531946579432704,-0.13917714191211797,-0.9428335680150074,-2.035205367870396
2025-11-19,-1.104155738697541,0.5203045605431602,-0.7402480061150674,-1.324099184269448
2025-11-20,-0.7729148147953095,1.145851208767522,-0.3721819243300334,0.0007544696421789565
2025-11-21,-1.0640825096931639,0.23461513684325344,-0.5048045820658646,-1.334271954915775
2025-11-22,-0.8816542909033093,0.41067668099319,-0.3184033275888522,-0.7893809374989715
2025-11-23,-0.7022582708978612,0.3047938583008896,0.14328471082004574,-0.25417970177692584
2025-11-24,-0.5666275462438691,0.16547202297191332,-0.8737163063624556,-1.2748718296344115
2025-11-25,-0.9089691017891769,0.41870479016317186,0.12693449025376013,-0.3633298213722449
2025-11-26,-0.658257777033314,0.19443936053112632,-0.2798125737241634,-0.7436309902263512
2025-11-27,-0.6028856526228134,0.8784597821583159,-0.5328670058627394,-0.25729287632723685
2025-11-28,-0.5500267625879705,0.5228329822268759,-0.6137803730822239,-0.6409741534433184
2025-11-29,0.026455721951497146,1.062043470043545,-0.22234029268141947,0.8661588993136227
2025-11-30,-0.1496493637352011,0.1950899759261866,0.16038689223488112,0.20582750442586661
2025-12-01,-0.38452854096478206,1.1566429279707022,-0.10458663346446095,0.6675277535414592
2025-12-02,0.1508370100801099,1.4162285346553578,0.43697659591786286,2.004042140653331
2025-12-03,0.49163931192800514,0.0008711601054024465,-0.4017296597943292,0.09078081223907841
2025-12-04,0.37297305564738864,1.1730731157617493,0.07990525313729181,1.62595142454643
2025-12-05,-0.03978547180632985,1.5783329425147947,-0.24248599190399175,1.2960614788044733
2025-12-06,0.262211539448918,0.3284946027183193,0.29168869941862435,0.8823948415858616
2025-12-07,0.7038228241127138,1.7290925951817613,0.49757604213072903,2.9304914614252042
2025-12-08,0.3957882878827186,1.0528865697010636,0.15361332347286025,1.6022881810566425
2025-12-09,0.707598907749285,0.43301505554370234,-0.4537897178504472,0.6868242454425401
2025-12-10,0.8490914789381119,0.6919316969912702,0.43397294518470675,1.974996121114089
2025-12-11,0.5771723561639861,0.9260827785895016,0.5511886023466938,2.0544437371001814
2025-12-12,0.8114279295257215,0.6055613005177496,0.5862838002227305,2.0032730302662016
2025-12-13,0.22762761179707647,0.7519050255482862,0.8793961219190214,1.858928759264384
2025-12-14,0.7148001163951618,-0.06766259327580731,0.2297400623606518,0.8768775854800064
2025-12-15,0.903771464214066,0.3835783183825072,0.7961383463423592,2.0834881289389324
2025-12-16,0.7298010067109472,-0.5047221280653081,0.9893632414616311,1.2144421201072702
2025-12-17,1.3211270346641653,0.04773963642962071,0.1359934869946473,1.5048601580884333
2025-12-18,0.7139654672648941,-0.4484162725974885,0.8017505087503589,1.0672997034177645
2025-12-19,0.9073422075721623,-0.4640778881406439,0.5891219406501472,1.0323862600816658
2025-12-20,1.0069113632023703,0.4228455326070929,0.7485894628551677,2.1783463586646308
2025-12-21,1.2446305862177263,0.2535162515632983,0.9080873716131219,2.4062342093941465
2025-12-22,0.6352603866871979,-0.08158854760734413,0.6863449766199741,1.240016815699828
2025-12-23,1.1119058120817145,-1.0224744305513078,0.6564493911080133,0.7458807726384199
2025-12-24,0.8293745127992961,-0.7199235007285507,0.8939083520110426,1.003359364081788
2025-12-25,0.5708146224259376,-0.034959140232794006,0.5797809606496218,1.1156364428427654
2025-12-26,0.7916607265077519,-0.6440285119597127,0.6002349041430716,0.7478671186911108
2025-12-27,0.6641890745310854,0.3785417369357328,1.1475076543310558,2.190238465797874
2025-12-28,0.423232293800486,-0.6428954544920362,0.6144119378255793,0.3947487771340291
2025-12-29,0.4707063891421966,-0.7935726072911926,1.1719012516677396,0.8490350335187435
2025-12-30,0.288589900910266,-1.0853096281681358,1.1213127297311953,0.32459300247332545
2025-12-31,0.29360925735811866,-0.8958354139224254,0.4728653370576914,-0.12936081950661538
2026-01-01,0.3058782901501015,-1.0610772151295103,0.7929339713231351,0.037735046343726375
2026-01-02,0.3914688088134282,-0.6431841705351788,1.3575422096621295,1.1058268479403788
2026-01-03,-0.2732263996259293,-0.5213194848849177,0.7055679980884986,-0.0889778864223485
2026-01-04,0.3012710488348207,-1.385109129318425,0.8587053740235453,-0.225132706460059
2026-01-05,-0.6141732000912968,-1.6402617524995469,1.1322593691083316,-1.1221755834825122
2026-01-06,-0.3502969808913148,-1.865540505508406,1.221789117059392,-0.994048369340329
2026-01-07,-0.29526410794362806,-0.6567682132308741,0.9019747455933336,-0.05005757558116852
2026-01-08,-0.44559092747356754,-1.4166731859071255,0.7864047181417849,-1.0758593952389082
2026-01-09,-0.7101772439384192,-1.887018492447972,1.3781764586648997,-1.2190192777214914
2026-01-10,-0.7052583342844225,-0.5537682274235184,1.4565649546639565,0.1975383929560155
2026-01-11,-0.8335998049805442,0.5684322388718367,1.209645275373678,0.9444777092649704
2026-01-12,-0.9168944300484583,-0.6043379392510986,0.9203866149100106,-0.6008457543895462
2026-01-13,-0.6851393613728654,-0.09928404424115822,0.6288782557174732,-0.15554514989655033
2026-01-14,-0.8311515110171774,-0.38966072550284425,0.5966135091759638,-0.624198727344058
2026-01-15,-1.0796133273950843,-0.38776403756662653,0.9747759950344214,-0.4926013699272894
2026-01-16,-0.7901857586205352,0.2168555980509641,0.9137715336419214,0.34044137307235034
2026-01-17,-0.9280271790792137,-0.28975854325604544,1.1769917295251697,-0.04079399281008955
2026-01-18,-0.8364093811791574,0.08858126609144013,0.9180163772728178,0.17018826218510053
2026-01-19,-0.872569262279092,0.21569116544802477,0.23651962995031384,-0.4203584668807534
2026-01-20,-1.1538306262772764,-0.17979377693394033,0.9658721254739924,-0.3677522777372244
2026-01-21,-1.079732340173199,0.7481405826948886,0.3120883907046169,-0.019503366773693576
2026-01-22,-0.7882330192756275,0.25998839383355893,0.4560054880742817,-0.07223913736778681
2026-01-23,-0.7762441894706618,0.061472768571578684,0.6045195275959727,-0.11025189330311036
2026-01-24,-0.8541493646721559,0.7950875527478138,1.0850989357889875,1.0260371238646455
2026-01-25,-0.7696617627955288,0.15982198521083757,1.3750977353781475,0.7652579577934563
2026-01-26,-0.47282778867390846,0.699284413948551,0.5787574908714669,0.8052141161461095
2026-01-27,-0.7746310339449537,0.7499259657925267,0.2954083472542381,0.2707032791018111
2026-01-28,-0.46829556821172413,1.3591863065233594,0.4634700512898673,1.3543607896015026
2026-01-29,-0.533779525443554,1.1071851140251874,0.5214083703523235,1.094813958933957
2026-01-30,-0.4475738859685091,0.9022288784319593,0.1102671942706391,0.5649221867340893
2026-01-31,-0.09094191469693419,1.3593920643584358,0.6958705668804569,1.9643207165419585
2026-02-01,-0.04916927049827824,1.6718820753409185,0.17677488005686293,1.7994876848995032
2026-02-02,0.047034872262890784,1.2721931941802243,0.20725374320581308,1.526481809648928
2026-02-03,0.24516989883076756,1.0050494853296732,0.20774045940227398,1.4579598435627148
2026-02-04,0.08817522401829864,0.3405497913820451,0.0844516304654959,0.5131766458658397
2026-02-05,0.31942632323958076,0.4505494302247667,0.159775299913202,0.9297510533775495
2026-02-06,0.21821481845033175,0.8073093909946406,-0.3267355844391926,0.6987886250057798
2026-02-07,0.43953353414715046,0.6223899027520223,-0.35834910755799854,0.7035743293411743
2026-02-08,0.4393598654814217,0.7916208766020651,-0.5697267571085656,0.6612539849749213
2026-02-09,0.5708258742402342,0.8625483229550638,-0.1560529474789974,1.2773212497163007
2026-02-10,0.7509866180942677,1.039851286035995,-0.10172558670492712,1.6891123174253355
2026-02-11,0.5425253205336399,0.67279347531246,-0.24473955733844338,0.9705792385076566
2026-02-12,1.1918053447033172,0.8772571114868309,0.07456641295881672,2.143628869148965
2026-02-13,0.6315560090078394,0.585872140939715,-0.47410079204718014,0.7433273579003742
2026-02-14,0.6410327009882842,-0.5200014429298621,-0.31525935014035555,-0.19422809208193337
2026-02-15,1.157772195380542,-0.0925123718860435,-0.8855625341285737,0.17969728936592488
2026-02-16,1.1175083717456675,0.2107666206021278,-0.7149577664475574,0.6133172259002381
2026-02-17,1.1074418407745719,-0.41920764753476947,-0.42944535507821696,0.25878883816158543
2026-02-18,1.1219110306077196,0.38657856355000975,-0.4210599413813836,1.0874296527763456
2026-02-19,0.9974625055378843,0.7520986689487892,-0.7999754266683777,0.9495857478182957
2026-02-20,0.8141401283832286,0.4963458897201755,-0.7674807930260569,0.5430052250773473
2026-02-21,0.9925034240310039,-0.3183853517824295,-1.2337142025385412,-0.5595961302899668
2026-02-22,0.8158963964843582,0.43718514780386214,-0.9158664250035335,0.33721511928468684
2026-02-23,1.1108335495743693,-0.3272789844110703,-0.5700268289638108,0.21352773619948817
2026-02-24,0.8417285238687486,-0.6595777094892601,-0.6908719679759358,-0.5087211535964472
2026-02-25,0.6526668151679395,-0.8822518099718131,-0.7373673171671417,-0.9669523119710153
2026-02-26,0.6919444904554642,-0.8055503655900158,-0.8945500328528372,-1.0081559079873887
2026-02-27,0.769707437059864,-0.9206312713498488,-0.9270050651459167,-1.0779288994359015
2026-02-28,0.4984102357018011,-0.706302714510013,-1.1445399021502431,-1.352432380958455
2026-03-01,0.36463860700673756,-0.768283284259673,-0.7517489658187964,-1.1553936430717318
2026-03-02,0.49046124896760623,-0.8956280801091379,-0.8476565470905237,-1.2528233782320553
2026-03-03,0.39894468317840676,-0.7182987835794946,-0.8364593506838036,-1.1558134510848914
2026-03-04,0.15329369776980223,-0.37170163443903204,-1.1495323825346635,-1.3679403192038933
2026-03-05,0.06266093392474543,-0.5128424156268154,-1.6429029420029693,-2.093084423705039
2026-03-06,0.10389746557645183,-1.740795211673694,-0.6704406578331086,-2.307338403930351
2026-03-07,-0.33208490301641636,-2.2760583935057035,-1.1434256678755323,-3.751568964397652
2026-03-08,-0.42349197584931275,-0.5227068138209665,-1.256296204594517,-2.2024949942647964
2026-03-09,-0.38380044220426857,-1.6541846404803913,-0.7846157068964347,-2.8226007895810947
2026-03-10,-0.37851428955951133,-1.0543071479864359,-1.102977946051259,-2.5357993835972064
2026-03-11,-0.3660011563765501,-1.4887487181211865,-0.6576450902541711,-2.5123949647519077
2026-03-12,-0.22119097669001653,-1.757420788140582,-0.7783375150703168,-2.756949279900915
2026-03-13,-0.42765152457386135,-0.5298803983565996,-0.7437737009579807,-1.7013056238884416
2026-03-14,-0.7081055413804549,-0.3572159273326642,-1.341664792156949,-2.406986260870068
2026-03-15,-0.7500999172254541,-0.9538686556971192,-0.5489992541752644,-2.2529678270978377
2026-03-16,-1.0095246391394683,-1.8833039596328418,-0.8126306805546966,-3.7054592793270067
2026-03-17,-0.8673600358914341,-0.7772014643353262,-0.9779853212594423,-2.6225468214862024
2026-03-18,-0.9673983996175559,-0.21943707101478363,-0.7982144250250846,-1.9850498956574243
2026-03-19,-0.8820431342173448,-1.0619047608783665,-1.3460276815309824,-3.289975576626694
2026-03-20,-1.139495226578791,-0.13465711579133582,-0.6604549453558974,-1.9346072877260243
2026-03-21,-0.8879095505948813,-0.13561861421390245,-1.0597986992262975,-2.0833268640350813
2026-03-22,-0.6930513599522874,0.26133401711423354,-1.1228477134859822,-1.554565056324036
2026-03-23,-1.0191837971450195,0.13141328993624707,-1.1380215214208673,-2.02579202862964
2026-03-24,-0.9049560394214143,-0.3156921606931211,-0.3100714612885618,-1.5307196614030971
2026-03-25,-0.8252914261315384,0.8666402647123423,-0.7936118405141207,-0.7522630019333167
2026-03-26,-1.0119609822318727,0.28392062190257733,-0.10415759098690547,-0.8321979513162008
2026-03-27,-0.845985647714778,0.4407352046493032,-0.6830490285424209,-1.0882994716078958
2026-03-28,-0.8384722995957425,0.07441547141215976,-0.99124316310848,-1.7552999912920628
2026-03-29,-0.7632392938408836,0.4006643146307813,-0.7695229540564912,-1.1320979332665935
2026-03-30,-0.8713389799317508,0.254942202238945,-0.018265794573333882,-0.6346625722661398
2026-03-31,-0.638636098505211,0.6789410219836319,-0.3892500718506128,-0.3489451483721918
2026-04-01,-0.46430956500117254,1.6816910205146718,-0.45958212212527405,0.7577993333882251
2026-04-02,-0.18841719702940662,0.19205744935113211,-0.19896819398078458,-0.1953279416590591
2026-04-03,-0.1967459769102954,0.1146257963386128,-0.04769926391193957,-0.12981944448362218
2026-04-04,0.1359648900020537,1.6911837443596438,0.18622061895653944,2.013369253318237
2026-04-05,-0.3512683122140722,0.8755808022341751,0.3351582220690297,0.8594707120891326
2026-04-06,0.07551446979384609,0.6605560712355805,-0.15746623461509313,0.5786043064143335
2026-04-07,0.03755655795338794,1.5199519492867046,-0.3973702273779653,1.1601382798621271
2026-04-08,0.5386776836360421,0.6921073352402409,-0.07361686053016803,1.1571681583461149
2026-04-09,0.037880048167757085,1.8928945985471115,0.17835941868195682,2.1091340653968254
2026-04-10,0.1284242102732301,1.2940365797169293,-0.13925046820023093,1.2832103217899284
2026-04-11,0.27035770621914174,0.6767590621021466,-0.08804073681931462,0.8590760315019739
2026-04-12,0.055425635576297594,1.9558105173396698,0.35097057244792546,2.3622067253638925
2026-04-13,0.4602242738008765,0.5219763368307448,0.28134871639518905,1.2635493270268103
2026-04-14,0.4930702006341331,1.1353174053034292,0.35315402744337465,1.981541633380937
2026-04-15,0.7480533500668857,0.8457156000671356,0.16227872683635775,1.756047676970379
2026-04-16,0.8522298829537248,1.2717846506741606,0.366245146111163,2.490259679739048
2026-04-17,1.2171846939354822,1.320310332948242,0.2025452635518809,2.7400402904356054
2026-04-18,1.0816946406786538,0.4688064851728641,0.7901252884951355,2.3406264143466533
2026-04-19,0.816979817733711,-0.015179120471822571,0.8755837318946427,1.6773844291565312
2026-04-20,0.7841124520144162,0.4966290038294955,0.051683511048172925,1.3324249668920847
2026-04-21,1.0839841330919342,-0.16976584289716,0.3657040155887339,1.279922305783508
2026-04-22,0.7335107775036767,1.0765448655704388,0.2330048435411119,2.0430604866152273
2026-04-23,1.3658390282147626,0.03818037665834413,0.5226582322773621,1.9266776371504688
2026-04-24,1.2274380093583974,-0.31238597298424703,0.7265420244150423,1.6415940607891928
2026-04-25,0.8798103252740371,-0.13572678155064535,0.3487093100687963,1.092792853792188
2026-04-26,0.6033856768087327,-0.9976930469824119,0.5371157935695114,0.14280842339583222
2026-04-27,1.1797019393764963,-0.9027612903674962,0.5405236268207287,0.8174642758297288
2026-04-28,0.8398526746351516,0.09459438321563096,0.9298242994613523,1.8642713573121348
2026-04-29,1.0555366660616734,-0.9176660962129859,0.9122120055577434,1.050082575406431
2026-04-30,0.42622762872047537,-1.1903935529932317,0.6964239847264517,-0.06774193954630459
2026-05-01,0.5549329883031122,-0.46966696566198096,0.9852461709760845,1.0705121936172157
2026-05-02,0.5988091068488914,-0.20882275934313177,0.785120528271715,1.1751068757774745
2026-05-03,0.5241362356767805,-0.49786960612151865,0.8821803477741005,0.9084469773293623
2026-05-04,0.336563659548718,-0.4064275228871114,1.4778561448565375,1.407992281518144
2026-05-05,0.4587211633179203,-1.3209170353356134,1.3876634271022241,0.5254675550845309
2026-05-06,0.024862785872373172,-1.682075606483612,0.6028920347576279,-1.054320785853611
2026-05-07,0.1117647868228129,-0.23945061685402258,1.2464460264786066,1.118760196447397
2026-05-08,0.06475238369223753,-1.1605116057724467,1.2432118664901468,0.14745264440993755
2026-05-09,0.04362700410835639,-1.1236590448907395,0.655081550976419,-0.42495048980596417
2026-05-10,-0.01629969318693103,-0.3232422065992975,1.2424630874052573,0.9029211876190288
2026-05-11,-0.4813280880005919,-0.6884558459940613,1.452987071132384,0.2832031371377308
2026-05-12,-0.6584376438639408,-0.7082008813898575,0.647143252745292,-0.7194952725085062
2026-05-13,-0.18778136647062538,0.18613613735145995,0.6984957929964895,0.696850563877324
2026-05-14,-0.4641263753542913,-1.1693882348257505,1.2664511645551664,-0.36706344562487536
2026-05-15,-0.7622574602867805,-0.32650391015719704,1.0276050216985653,-0.061156348745412314
2026-05-16,-0.3781802345331658,-0.6968146112406493,1.0942381166490973,0.019243270875282326
2026-05-17,-0.734247807988259,-0.5186750643407395,1.011289300245773,-0.24163357208322545
2026-05-18,-0.5829278853140824,0.19013725177523222,1.0043663049707927,0.6115756714319426
2026-05-19,-0.8585071608572554,-0.2355686538774932,0.46504345176672857,-0.6290323629680201
2026-05-20,-0.5043719629392364,-0.1308372754635348,1.1508509505224906,0.5156417121197194
2026-05-21,-0.6008064898583236,0.2297660917503071,1.159111981165882,0.7880715830578655
2026-05-22,-1.0275097815358356,-0.3924038810351718,0.7089769385806846,-0.7109367239903228
2026-05-23,-0.7994760305496755,-0.5308747629426712,0.732366174883343,-0.5979846186090036
2026-05-24,-0.8708586763417743,-0.5339051669407745,0.2518289721392633,-1.1529348711432854
2026-05-25,-0.7223601916131243,-0.8947945953821953,0.8294120800981515,-0.7877427068971681
2026-05-26,-1.1752712650196555,1.21548843280434,0.8090398286644821,0.8492569964491666
2026-05-27,-0.8214616679523048,-0.26709043415648626,0.5794590093807785,-0.5090930927280126
2026-05-28,-0.7137937163014104,0.268173050452333,0.8946210614788093,0.4490003956297318
2026-05-29,-1.2347860882900383,0.33089448283265477,0.4148976258710378,-0.4889939795863458
2026-05-30,-1.0684264451617533,0.708816650425176,0.6410207808622762,0.2814109861256989
2026-05-31,-1.1800469115236274,1.0432475679210578,0.12107905753284365,-0.015720286069725975
2026-06-01,-0.7587920043031596,1.1395328694056055,0.3741848463926687,0.7549257114951146
2026-06-02,-0.4870691136211301,0.48458751709445785,0.28226341912083164,0.2797818225941594
2026-06-03,-0.24947255914113609,0.7516406938382412,0.3546450279400075,0.8568131626371126
2026-06-04,-0.4489965598998723,1.0272217825141314,0.12796004537957517,0.7061852679938343
2026-06-05,-0.047329661974363724,0.8034645629486249,0.1505448970939374,0.9066797980681985
2026-06-06,-0.5545828978625286,1.7640908607346675,0.3884945112474041,1.5980024741195429
2026-06-07,-0.5219656237407188,1.2289173153174104,-0.0400068549716209,0.6669448366050708
2026-06-08,-0.09331382417976009,1.3640543934192244,-0.4408361662738089,0.8299044029656555
2026-06-09,0.09451501489327503,1.3312839429813976,0.5160238619712223,1.9418228198458949
2026-06-10,0.11089231320827711,1.579817941807978,0.35561876474209303,2.0463290197583484
2026-06-11,-0.19750115381975128,1.066906959621183,-0.49631540395576534,0.37309040184566644
2026-06-12,0.29456118827893985,0.30153954561583507,0.048728144502166726,0.6448288783969416
2026-06-13,0.14476797645437173,1.1138671932562723,-0.3582288517721652,0.9004063179384787
2026-06-14,0.6288198273186358,0.5432798504180788,-0.1769242464700152,0.9951754312666994
2026-06-15,0.6524836772636405,0.5509026923058159,-0.2156973701069989,0.9876889994624576
2026-06-16,0.4696799657483984,1.0465004592543403,-0.4215213934273381,1.0946590315754006
2026-06-17,0.6268033539255196,1.3030404933525144,-0.6326853827973551,1.2971584644806788
2026-06-18,0.582365157800033,0.618281961444873,-0.6500809464405024,0.5505661728044036
2026-06-19,0.8383677050794841,0.6797384951172116,-0.7620320871048822,0.7560741130918134
2026-06-20,1.0901257042448296,1.288856433212326,-0.7797593740789612,1.5992227633781944
2026-06-21,0.7411622640664456,0.4661786797992765,-0.5920791421243704,0.6152618017413517
2026-06-22,1.06895175151576,1.5512416361286192,-0.8269370790578747,1.7932563085865045
2026-06-23,0.88225254049715,0.43525097601913254,-0.44634668595246363,0.8711568305638189
2026-06-24,0.8400163059593017,-0.8273128433638843,-0.2419146156575187,-0.22921115306210138
2026-06-25,0.9774940187541095,0.32978148650522315,-0.8975107284552578,0.40976477680407475
2026-06-26,0.7821801650801423,0.04420051075960635,-0.6852713395682545,0.14110933627149425
2026-06-27,0.8589432618424826,0.4004709051258562,-0.6388927528845384,0.6205214140838003
2026-06-28,0.7008533844292338,-0.003399567828599348,-0.676931616029455,0.020522200571179594
2026-06-29,1.294733374232087,-0.5014059368766652,-0.8234338238003445,-0.030106386444922695
2026-06-30,0.8611900716668465,-1.1321965852844138,-0.6489886752298185,-0.9199951888473858
2026-07-01,0.6580070151241137,-0.7072324756508733,-0.7505126820154846,-0.7997381425422442
2026-07-02,0.7765899805372136,-1.104632266510361,-1.2876425593848373,-1.6156848453579846
2026-07-03,0.6398384430480716,-1.0394968958587194,-0.6744630958777582,-1.0741215486884061
2026-07-04,0.540002664506641,-0.5173229901327199,-0.6855512087823309,-0.6628715344084097
2026-07-05,0.623085356687272,-0.030927600811422762,-1.1948739854896449,-0.6027162296137956
2026-07-06,0.5628106381640281,-0.7141601634505144,-0.9662422805147431,-1.1175918058012293
2026-07-07,0.21215628158037597,-1.5459461687387777,-0.7819168602773285,-2.1157067474357305
2026-07-08,0.10686036406413943,-0.7527398639988553,-1.0565348560464685,-1.7024143559811842
2026-07-09,0.0685627833148952,-0.3940197258281032,-0.6761886136495927,-1.0016455561628006
2026-07-10,-0.43649670144437813,-1.3046061043673627,-0.290766912121448,-2.031869717933189
2026-07-11,-0.379074948498064,-1.0641136002577418,-1.2350718019271223,-2.678260350682928
2026-07-12,0.09817358380175081,-0.9771885405403158,-1.4104390351446665,-2.2894539918832315
2026-07-13,0.05637829255717619,-1.3545722907549407,-0.8993399422156932,-2.1975339404134577
2026-07-14,-0.417112557045467,-0.6059601972793597,-0.7659009380905802,-1.7889736924154067
2026-07-15,-0.34301406188061256,-0.9492585126042675,-1.041058357897294,-2.3333309323821743
2026-07-16,-0.4825160925016038,-0.6288218001315273,-0.5228200128514803,-1.6341579054846114
2026-07-17,-0.00998750760843159,-1.2237588004544273,-1.344983221671529,-2.578729529734388
2026-07-18,-0.476593809168059,-0.932372922007499,-0.7177711523614423,-2.1267378835370003
2026-07-19,-0.7938381796198202,-0.278953660555314,-1.087336608234292,-2.1601284484094263
2026-07-20,-1.0194324726877306,-0.7466653725020931,-0.3674331385912092,-2.133530983781033
2026-07-21,-1.2014070284201765,0.3887264929540437,-0.260952396659494,-1.0736329321256268
2026-07-22,-0.882424571222915,-0.5843365623265251,-1.0620181508009021,-2.528779284350342
2026-07-23,-1.1081634985773505,-0.17809716205731696,-0.9681228674665266,-2.254383528101194
2026-07-24,-1.2655591805226318,0.2728368113158327,-0.51460619183883,-1.5073285610456293
2026-07-25,-1.1248351933270206,-0.8037275763462158,-0.8559177800147477,-2.7844805496879843
2026-07-26,-1.2162954821523235,-0.8750905616402836,-0.7188489164092324,-2.8102349602018397
2026-07-27,-0.6570312909900017,-0.6577088528813617,-0.6612932942152986,-1.9760334380866618
2026-07-28,-0.8026690914112382,0.8351664988290787,-1.2068241103963344,-1.1743267029784938
2026-07-29,-0.9553471810227954,0.02466347079741371,-0.5955088536933956,-1.5261925639187772
2026-07-30,-0.6229898537021469,1.6734068618715174,-0.757233142560846,0.2931838656085245
2026-07-31,-0.859548917459923,0.20195830761046696,-0.6558334371105536,-1.3134240469600096
2026-08-01,-0.99458038039914,0.6612958580431834,-0.031119292430460577,-0.3644038147864172
2026-08-02,-0.4567833008346047,1.4193278204243835,-0.7963129843570049,0.1662315352327739
2026-08-03,-0.5851029454967639,1.7240945979476436,-0.12950319875972155,1.0094884536911584
2026-08-04,-0.8248879456187531,1.8173707771073033,-0.41032400520426476,0.5821588262842854
2026-08-05,-0.5738909673502365,1.448513302092384,-0.3629171302671035,0.511705204475044
2026-08-06,-0.6239776307786497,1.405636379580241,0.006465862888121149,0.7881246116897124
2026-08-07,-0.6339598740649719,1.2302149142145655,-0.07971044961890726,0.5165445905306864
2026-08-08,-0.07713934419760049,1.3541465665754322,0.03883214906808624,1.315839371445918
2026-08-09,0.21715511136689394,0.7107461376246552,0.2078085464016756,1.1357097953932247
2026-08-10,-0.34514918462453525,0.5887573481689778,-0.13212789428584215,0.11148026925860044
2026-08-11,0.14710453592692402,0.9977171000689826,-0.16641310585576186,0.9784085301401448
2026-08-12,0.003983713821298807,0.9058738387123558,-0.25833708544186096,0.6515204670917937
2026-08-13,0.13494868490254533,0.7460125403108546,-0.1306329136193225,0.7503283115940774
2026-08-14,0.20983470900362955,1.2927625405728924,1.0512083311297769,2.5538055807062987
2026-08-15,0.24817467220680794,1.3847258536148606,0.5889575226132573,2.2218580484349255
2026-08-16,0.5191302626994008,0.9047179488918494,-0.14123378847793355,1.2826144231133167
2026-08-17,0.4265990092261108,1.5441228261967408,-0.08477407641516466,1.8859477590076867
2026-08-18,0.7243205409993425,0.17130963974703006,0.5036181725377158,1.3992483532840883
2026-08-19,0.7309249889118922,0.5747055189075894,0.5694353777587442,1.8750658855782256
2026-08-20,0.7565228829926322,0.23579538175626574,0.6151057448705985,1.6074240096194965
2026-08-21,0.6781032169684302,-0.4223275883183141,0.4180126450385534,0.6737882736886696
2026-08-22,0.7909761418590002,0.38122940467554056,0.4996859030056047,1.6718914495401453
2026-08-23,1.0950673578902705,0.2691028435489284,0.6771658105355574,2.0413360119747566
2026-08-24,1.0723992278294152,0.9908113024164465,0.6446029240080384,2.7078134542539
2026-08-25,0.7952173601193382,0.4512631918897595,-0.008468786144182894,1.2380117658649148
2026-08-26,1.0192084581671557,-0.4758225854640999,0.6252247790796864,1.1686106517827421
2026-08-27,1.1482479148616387,0.8633681808448784,0.4738510303896574,2.4854671260961743
2026-08-28,0.652746535816211,0.44752606696697095,0.8151218761521563,1.915394478935338
2026-08-29,1.0740986756057287,0.030373942469227366,1.6895156420790443,2.7939882601540003
2026-08-30,0.8020547065992454,-0.4689965096336635,0.9335775003803729,1.2666356973459547
2026-08-31,1.008514004348398,-0.9269990485445383,0.7566112506081151,0.8381262064119748
2026-09-01,0.6926207596579197,-0.7204387199769114,1.1524215304040668,1.1246035700850752
2026-09-02,0.4267288068512141,-0.07167802183889194,1.043709122775231,1.3987599077875532
2026-09-03,0.3967588851778805,0.2506792127851438,1.0457059917975722,1.6931440897605965
2026-09-04,0.6592298510184721,0.011356593335885123,1.120208995523477,1.7907954398778343
2026-09-05,0.6224121339816686,-1.0657447940350122,1.5712481639415605,1.127915503888217
2026-09-06,0.30475915654389085,-1.4339773533496163,0.6287646250746838,-0.5004535717310415
2026-09-07,0.523643641937309,-0.8478396627565169,1.1214472661473533,0.7972512453281454
2026-09-08,-0.030032146880065114,-1.8374414404446564,0.7103219074727561,-1.1571516798519652
2026-09-09,0.19238242067313785,-0.8170525953126008,1.1612985677805125,0.5366283931410496
2026-09-10,-0.13533261577620992,-1.0680742283578575,0.7229612539089204,-0.4804455902251469
2026-09-11,-0.12329216956050801,-1.2329932224405076,0.8747836987754953,-0.4815016932255203
2026-09-12,-0.08331147749402588,-1.7930371220701342,0.9103938405174522,-0.9659547590467078
2026-09-13,-0.36381300945615636,-0.724647590812465,1.2880961207149717,0.19963552044635025
2026-09-14,-0.3656648637437085,-1.2237538191525028,1.264829868823574,-0.3245888140726374
2026-09-15,-0.18163347948359562,-1.5087515141103813,0.6070480348112368,-1.0833369587827402
2026-09-16,-0.5885829709502008,-2.317083664577368,0.9862617958016716,-1.9194048397258974
2026-09-17,-0.39165062643858795,-0.8430672853884683,0.7435019719797512,-0.49121593984730516
2026-09-18,-0.8647316361241675,0.11674488026170338,0.5630283793546316,-0.18495837650783253
2026-09-19,-0.6064480647767975,0.12886500380061672,0.8573277017957747,0.3797446408195939
2026-09-20,-0.49059565715416154,-0.8556846172212347,0.8094353431036103,-0.536844931271786
2026-09-21,-1.3319561571724894,-0.8473482640701611,1.6072880075543794,-0.5720164136882713
2026-09-22,-1.0473548894317588,-0.2255029789755918,0.9842561665317312,-0.2886017018756194
2026-09-23,-0.8140376330413079,-0.8681356298012591,0.4140426503691075,-1.2681306124734595
2026-09-24,-1.0022505780934632,-0.1234134078889122,0.6287874921285053,-0.4968764938538701
2026-09-25,-0.909993364617627,0.20610514223067414,1.0735313412643472,0.3696431188773943
2026-09-26,-1.1177665887701886,0.535673851820164,1.36062845237713,0.7785357154271053
2026-09-27,-0.9824372158640399,-0.027950281978020654,0.2234450379837103,-0.7869424598583503
2026-09-28,-1.0236870191515546,0.019988314322989073,0.09865939133035828,-0.9050393134982072
2026-09-29,-0.7418743112414695,-0.21868490783983813,1.185666688027926,0.22510746894661837
2026-09-30,-0.8976795250580633,-0.09685382393520847,0.7014411995027674,-0.29309214949050433
2026-10-01,-0.8446983965739759,0.2964636484897496,0.28278784966933496,-0.2654468984148914
2026-10-02,-0.9491349674852527,0.6824089713145747,0.6610252117691456,0.3942992155984676
2026-10-03,-0.9101610891936067,1.0395585469767372,-0.3339783495608705,-0.20458089177774003
2026-10-04,-0.8369121233593628,0.25939396690174166,0.41272648327346245,-0.16479167318415872
2026-10-05,-0.6017729451314633,1.478940607040672,0.4639989721355436,1.3411666340447523
2026-10-06,-0.688322194151174,0.6613275420677426,0.5959585100097677,0.5689638579263363
2026-10-07,-0.4635960307076293,0.842536460548366,-0.033262997379892245,0.3456774324608444
2026-10-08,-0.01868538124659619,0.5274199400029393,0.2481631335025611,0.7568976922589044
2026-10-09,-0.167421097276513,-0.27229143045536086,-0.10417523257198405,-0.5438877603038579
2026-10-10,-0.31131762710542765,1.4112638602647438,0.20062891205654743,1.3005751452158636
2026-10-11,0.09212206000115966,1.3573912357305302,-0.19433845112454945,1.2551748446071405
2026-10-12,-0.13026362947939754,0.858152179517538,-0.09809877087086391,0.6297897791672765
2026-10-13,-0.3563152120748713,1.03217814869297,-0.3244079182976282,0.3514550183204704
2026-10-14,-0.05086198689831173,1.246540722618628,0.11974693683323906,1.3154256725535554
2026-10-15,-0.12546382547311336,0.18730903321875914,0.13219970890056695,0.19404491664621273
2026-10-16,0.2738462715473253,0.6743887200940368,-0.24515021367452253,0.7030847779668397
2026-10-17,0.4398484310857353,1.2969991667801073,-0.21228424169878793,1.5245633561670546
2026-10-18,0.859109990537589,0.22468271170792498,-0.706765389505579,0.37702731273993506
2026-10-19,0.6716319141221782,0.9420558076623904,-0.40984295628623424,1.2038447654983344
2026-10-20,0.6387928308706367,0.052489214236413506,-0.3819536604822046,0.3093283846248456
2026-10-21,0.918040107311177,0.8921966693731604,0.3733103780684491,2.1835471547527865
2026-10-22,0.37196265970685743,0.5627781715181852,-0.7915208270190606,0.14322000420598213
2026-10-23,0.9152082490021347,-0.31115091319018745,-0.06253612939484282,0.5415212064171044
2026-10-24,1.0674803702895581,0.9896407395521062,-0.24533603878885907,1.8117850710528052
2026-10-25,0.653686611530735,-0.05323797634337335,-0.5014464186272596,0.09900221656010211
2026-10-26,1.2047650689578375,-0.18741961856375838,-0.09783107550555437,0.9195143748885247
2026-10-27,1.06057192958342,0.2194647340642907,-0.5520022424309087,0.7280344212168021
2026-10-28,0.916752997772865,0.5937815371508675,-0.5834440498647782,0.9270904850589543
2026-10-29,1.1233151094153222,-0.5883597865528967,-0.7509358139540413,-0.21598049109161577
2026-10-30,1.4378861795885651,-0.14871687305316306,-0.40089964654208987,0.8882696599933123
2026-10-31,0.9972804499573176,-0.062462396553511546,-0.4700807085163508,0.46473734488745516
2026-11-01,0.9781098400254459,-0.02486529184812203,-1.0157786947261083,-0.06253414654878442
2026-11-02,0.7948751440851792,-0.37403367976645024,-1.2508339391567005,-0.8299924748379715
2026-11-03,0.6661999651864727,-0.7319860451347094,-0.9408010401501758,-1.0065871200984127
2026-11-04,0.9433027948350712,-1.0430047519272478,-1.1425661775294809,-1.2422681346216575
2026-11-05,0.5393197772809708,-0.6605883613396989,-0.9420038233943295,-1.0632724074530575
2026-11-06,0.6510512545830164,-1.3071497289686487,-0.5697999679377117,-1.225898442323344
2026-11-07,0.46104590677277024,-2.291471006133372,-1.0939547737610487,-2.9243798731216506
2026-11-08,0.566651612899665,-0.6639303670642791,-0.9829527481006578,-1.080231502265272
2026-11-09,0.44716168644423115,-0.472842599967725,-0.9636156106238722,-0.9892965241473661
2026-11-10,0.4937097484083266,-2.139635593626056,-0.7349578185929502,-2.3808836638106796
2026-11-11,0.0871113405799421,-1.486820371879559,-1.6695453332448367,-3.069254364544453
2026-11-12,0.0361629233127912,-0.6863521627275309,-1.1809918933765384,-1.831181132791278
2026-11-13,-0.20549217096922204,0.028795164207681023,-0.9366030349079011,-1.113300041669442
2026-11-14,-0.1983781048689306,-0.9835877986829596,-0.6384713437357561,-1.8204372472876462
2026-11-15,-0.13274509711508914,-1.3420866389273813,-1.1420769354172475,-2.616908671459718
2026-11-16,-0.1534128977731463,-1.0438612009675765,-1.550997435905424,-2.748271534646147
2026-11-17,-0.5828035443468478,-0.22978638726897027,-0.793174048727187,-1.605763980343005
2026-11-18,-0.31402876775179217,-1.1958536978557217,-1.158304848781494,-2.668187314389008
2026-11-19,-0.30152641765022975,-1.219393178491896,-1.3107860431137597,-2.8317056392558855
2026-11-20,-0.5689492770368201,-0.9999033607457513,-1.124995357214247,-2.693847994996818
2026-11-21,-0.34874842935583633,-1.1663513312655225,-0.9745113015003322,-2.489611062121691
2026-11-22,-0.9441017221742658,-0.5526161718252709,-1.0797416419188186,-2.5764595359183553
2026-11-23,-1.095624250351856,0.2802579954678701,-1.5369072802695563,-2.352273535153542
2026-11-24,-1.251326907135629,-0.2833551213480098,-0.5808491868131865,-2.115531215296825
2026-11-25,-0.6363151748517811,-0.47943979174993956,-0.44011363627582384,-1.5558686028775446
2026-11-26,-0.8352446387375814,-0.4040072703960395,-0.5976706420554334,-1.8369225511890543
2026-11-27,-0.998175307647413,-0.9419567693088234,-1.103001626336611,-3.043133703292847
2026-11-28,-0.9421428906687397,0.3805360723411228,-0.7888082280158488,-1.3504150463434657
2026-11-29,-1.2243396167334597,1.4813830836304942e-05,-0.6951614824262343,-1.919486285328858
2026-11-30,-0.501212508858646,0.04825667432521985,-0.47667843930921466,-0.9296342738426409
2026-12-01,-0.9457443871210637,1.8332298212689948,-0.41728582779547174,0.4701996063524594
2026-12-02,-0.9212275909675534,0.4818671090249755,-0.7979671840792805,-1.2373276660218584
2026-12-03,-0.7600479425843072,0.04908761057372363,-0.5115994608135641,-1.2225597928241476
2026-12-04,-0.7620496666484715,0.3000505272873466,-0.3561568735722028,-0.8181560129333277
2026-12-05,-0.7579495883541334,1.1705703519890591,-0.012504069971519816,0.4001166936634059
2026-12-06,-0.8972755877382852,0.7301423675924684,-0.1926856833756481,-0.35981890352146484
2026-12-07,-0.5739556794810159,0.02479837716374389,-0.12109763412335178,-0.6702549364406238
2026-12-08,-0.21423617925179217,1.2665488613575746,-0.28554929671556395,0.7667633853902185
2026-12-09,-0.2380473065375303,0.527796757319521,0.16033439511303188,0.4500838458950226
2026-12-10,-0.09991713919053957,1.8448405860622938,-0.09132370150803501,1.6535997453637192
2026-12-11,-0.42803869070079875,1.4854642774376559,-0.42349258542565016,0.633933001311207
2026-12-12,-0.4277023688664042,0.7495813169749168,0.30534393610032023,0.6272228842088328
2026-12-13,-0.15662873839346947,1.6318281508970052,0.14349219165991878,1.6186916041634545
2026-12-14,-0.020702703160404012,1.0334204890645873,-0.1488390689386429,0.8638787169655404
2026-12-15,0.28693249837869494,1.424065734125665,-0.10978101895570866,1.6012172135486513
2026-12-16,-0.17113722564015696,1.228262990229787,0.17294711923397538,1.2300728838236055
2026-12-17,0.5708551069762523,0.5410851863560149,0.27262758629353,1.3845678796257972
2026-12-18,0.32828556285834487,0.6112209276743584,0.24222340866994993,1.1817298992026533
2026-12-19,0.36585715470894375,1.4073863965411495,0.32533441828150034,2.0985779695315934
2026-12-20,0.3356501451085653,0.6755118399753739,0.7902553821419371,1.8014173672258764
2026-12-21,0.28856110947879726,0.5831468194470196,0.649356944496292,1.5210648734221088
2026-12-22,0.8594378209469221,0.24163813516737087,0.4318909410289693,1.5329668971432622
2026-12-23,0.7777963089544645,0.8580413284955073,0.702963147184344,2.3388007846343157
2026-12-24,0.565844577095511,1.5980895917735927,0.15563130529669678,2.3195654741658007
2026-12-25,0.6172935396057808,-0.05201753785819718,0.6284218659186066,1.1936978676661902
2026-12-26,0.8528690983387651,0.40396695876592903,1.0942185861616236,2.351054643266318
2026-12-27,1.2883544913794733,1.004160511382189,0.5270175634054707,2.819532566167133
2026-12-28,0.9276185142442884,0.16144452188398772,0.3776650344211595,1.4667280705494359
2026-12-29,0.694107584329722,0.3286551239401906,0.47427286849606454,1.497035576765977
2026-12-30,0.9508478775284177,-0.528547368582176,0.3792795459776179,0.8015800549238596
2026-12-31,0.9407204574116936,0.11695664188706749,0.505245750971363,1.5629228502701242
2027-01-01,0.4412121631872168,-0.28964418206417775,0.6621754599892165,0.8137434411122555
2027-01-02,0.9452571128242441,0.1998768925393155,0.3823784329866429,1.5275124383502023
2027-01-03,0.8759025785557166,0.20671630504221916,0.8374449854926607,1.9200638690905965
2027-01-04,1.0180909427019371,0.8176830283057359,1.1300721189908085,2.9658460899984815
2027-01-05,1.1966198984791725,-0.2726372646313842,0.6115435695017546,1.535526203349543
2027-01-06,0.9918592962982552,-0.47929089852265383,1.3619278415813343,1.8744962393569358
2027-01-07,0.6448270860292978,-0.618315570824419,1.0793876472388069,1.1058991624436856
2027-01-08,0.40237794766873364,-0.9582604161788315,1.2530166598373764,0.6971341913272786
2027-01-09,1.0572017596769296,-0.6707946353116256,0.7618254667974393,1.1482325911627433
2027-01-10,0.4677993770243876,-1.0377031817821611,1.2284693098227188,0.6585655050649453
2027-01-11,0.36761168126081845,-0.8468452976964124,0.6550377072455469,0.17580409080995296
2027-01-12,0.26522571908616505,-0.30404732566651727,1.2577422303205865,1.2189206237402344
2027-01-13,0.21219434459938913,-1.488267243858242,1.047793730692923,-0.22827916856592978
2027-01-14,0.04450762973985087,-0.42736479435370656,1.1653011574464087,0.7824439928325531
2027-01-15,-0.14128355540001405,-0.3410899222964173,0.6472334784198117,0.16486000072338036
2027-01-16,-0.23558851806630265,-1.0510369535695097,0.7294777171743412,-0.5571477544614711
2027-01-17,-0.23117184381302747,-2.0353736107191622,1.1727594681564104,-1.093785986375779
2027-01-18,-0.42946626326989806,-1.251064281969194,0.7021954741816976,-0.9783350710573944
2027-01-19,-0.5563054440481523,-0.26189949977786986,1.1163044000219955,0.29809945619597333
2027-01-20,-0.4812713042221079,-0.8759779052250806,0.5554009601066475,-0.8018482493405409
2027-01-21,-0.6373524685770047,-1.3097038546307482,1.205781002586781,-0.7412753206209719
2027-01-22,-0.3634994171377661,-0.9998552843099726,0.5649803546937517,-0.798374346753987
2027-01-23,-1.2657955201176818,-0.25710444424180273,1.081499584194676,-0.44140038016480854
2027-01-24,-0.5812538440249952,-0.32722580585576183,1.082282089688325,0.17380243980756793
2027-01-25,-0.6063029404757965,-0.6372358493743523,0.6621084546403039,-0.581430335209845
2027-01-26,-1.3176147171901786,-0.6131858308423341,1.0201177645497612,-0.9106827834827516
2027-01-27,-1.0098690365152996,-0.5333623686063211,0.8958989335265086,-0.6473324715951121
2027-01-28,-1.0446090645270492,-0.7030260339657356,0.6263261680188354,-1.1213089304739494
2027-01-29,-1.2711174782994137,0.6639454503004317,0.4536552535632005,-0.15351677443578143
2027-01-30,-1.1545848175528102,-0.20538785526750886,0.13378672487936127,-1.2261859479409578
2027-01-31,-1.2205610974106764,0.6643083212893192,0.7920161603946473,0.23576338427329002
2027-02-01,-0.6374401462422574,0.9157869420214919,0.18050958359999542,0.4588563793792299
2027-02-02,-0.7803361502659893,0.7521342234674697,0.6397584060949885,0.6115564792964688
2027-02-03,-0.6830717451544897,0.13249079607762734,0.4917978431096907,-0.05878310596717157
2027-02-04,-0.7535932678806443,0.6420080676643454,0.7328255187514825,0.6212403185351836
2027-02-05,-1.0753111548986818,0.5154895257711436,0.3953969832843532,-0.164424645843185
2027-02-06,-0.8974900426846258,0.1579092268782364,0.34288947076509635,-0.3966913450412931
2027-02-07,-0.6298770087442475,0.8480201044495362,0.6158941120222623,0.8340372077275511
2027-02-08,-0.9000719576976415,0.165548183150815,0.4504687776818974,-0.2840549968649291
2027-02-09,-0.43439018275406505,1.4105909974531154,0.3975419281611489,1.3737427428601994
2027-02-10,-0.5406333292480059,0.6379651700250507,0.3954626097865861,0.4927944505636309
2027-02-11,-0.4781892128253958,1.0156806737406576,-0.25463868547649904,0.28285277543876286
2027-02-12,-0.1676609679496123,1.092428423548147,0.3839051990445046,1.3086726546430394
2027-02-13,-0.12453226119948468,0.847515718579597,0.291052787023225,1.0140362444033373
2027-02-14,-0.1869780469470032,1.286737280459909,-0.24751746046802459,0.8522417730448812
2027-02-15,0.21682814851968868,0.7624350973986633,-0.06570502346792513,0.9135582224504268
2027-02-16,-0.13135322319493367,1.4320415807831817,-0.054260221005240875,1.246428136583007
2027-02-17,0.3070959306951957,0.30995346946244473,-0.13269807541889067,0.48435132473874976
2027-02-18,0.39974087185091156,1.0228622322587593,-0.041841231003441295,1.3807618731062294
2027-02-19,0.313614279033827,1.8962773450946515,0.23811555680039986,2.4480071809288786
2027-02-20,0.5314010106356082,0.38452717875337594,0.08441842034806718,1.0003466097370513
2027-02-21,0.30194466963081973,0.49486079285713735,-0.681994322240841,0.11481114024711603
2027-02-22,0.8174486934822278,1.031397252693031,-0.1492038621253273,1.6996420840499316
2027-02-23,0.6698176044592044,0.7972062868422898,0.016198228891588617,1.4832221201930826
2027-02-24,0.6693460774540811,0.8086342527230794,-0.31214011328939023,1.1658402168877704
2027-02-25,1.043052716659484,0.7974886592441863,-0.14551921078696722,1.6950221651167032
2027-02-26,0.7434167560459326,0.7843073745171749,0.08741891363030263,1.61514304419341
2027-02-27,0.6447923691924813,0.9311825308031343,-0.2513078512989693,1.3246670486966463
2027-02-28,0.6481007999186028,0.48686771683964825,-0.5243908705217466,0.6105776462365045
2027-03-01,1.1039843572618206,0.0641381046029083,-0.32492199449770737,0.8432004673670217
2027-03-02,0.7402325923164155,0.4220161959424797,-0.6326514854587021,0.5295973028001931
2027-03-03,1.3508585102941661,0.9357761469373759,-0.7049262785938061,1.5817083786377357
2027-03-04,0.5771043363834769,-0.18023432934859354,-0.8517209463590361,-0.45485093932415266
2027-03-05,1.3164454098275005,-0.699796518573897,-0.3096067990355951,0.3070420922180083
2027-03-06,0.9932581466948983,0.24451760647741572,-1.0545473659945068,0.1832283871778071
2027-03-07,0.8961099242467265,-0.462616519119875,-0.37767428274845355,0.05581912237839798
2027-03-08,0.7617197233879949,-1.5781430121874813,-0.7136981715708446,-1.530121460370331
2027-03-09,0.8970819757863325,-0.15256571728693885,-1.3075633759369576,-0.563047117437564
2027-03-10,0.7481132852544421,-0.9226510006663371,-0.7993718839361017,-0.9739095993479967
2027-03-11,0.9071359676120798,-0.772419487996925,-1.5592960795318263,-1.4245795999166715
2027-03-12,0.6332974492218395,-0.6260631498349161,-0.758934441235652,-0.7517001418487286
2027-03-13,0.5583891662715119,-0.7537900085978032,-0.6959501462940741,-0.8913509886203654
2027-03-14,0.3682043791590778,-0.5428171477749051,-1.1517558245639425,-1.3263685931797697
2027-03-15,0.33773010942991877,-1.1548214959557361,-0.9470795604394702,-1.7641709469652875
2027-03-16,0.3153837165404481,-0.7106976891858411,-0.40553162331802994,-0.8008455959634229
2027-03-17,-0.1860423063192683,-1.1175317565214151,-1.1486589183135028,-2.452232981154186
2027-03-18,-0.21303631698630202,-0.6289916511408462,-1.3172714186697831,-2.1592993867969312
2027-03-19,0.10529744530368464,-0.6913759717186345,-0.5552658800566928,-1.1413444064716427
2027-03-20,-0.10870523425034356,-1.4574596124737138,-0.40865561029440955,-1.9748204570184669
2027-03-21,-0.2777703445586369,-0.42754059356236696,-0.9914968725912586,-1.6968078107122624
2027-03-22,-0.3329745167590498,-1.2096075329571954,-0.6818594732186958,-2.2244415229349412
2027-03-23,-0.35946877992594506,-0.4992826561724832,-0.5730856860514051,-1.4318371221498334
2027-03-24,-0.6249745971609157,-0.6723280530596837,-1.186065494235276,-2.4833681444558753
2027-03-25,-0.7555552267555501,0.11901256056721354,-1.0942959399735013,-1.730838606161838
2027-03-26,-0.6376029058677714,-0.847925709413242,-0.562454533908285,-2.047983149189298
2027-03-27,-0.9425621059403922,-0.839608762395804,-0.40689649574285336,-2.1890673640790492
2027-03-28,-0.727889939288989,-0.5967738491528856,-0.7219398860245549,-2.0466036744664295
2027-03-29,-1.204621490312063,-0.6549018696063245,-1.130925268410571,-2.9904486283289584
2027-03-30,-0.7042040718105557,-0.014560032285070523,-0.24487244624226923,-0.9636365503378954
2027-03-31,-0.8523533617107389,-1.1297634359823414,-0.9721898275179925,-2.954306625211073
2027-04-01,-0.9230437296437252,-0.7523130877020905,-0.8833158479020855,-2.5586726652479013
2027-04-02,-0.7953539173070201,-0.6609842448082195,-0.6479925899572241,-2.104330752072464
2027-04-03,-0.6665290046651235,0.4477298752483861,-0.2504888969462252,-0.4692880263629627
2027-04-04,-0.7944937485028284,0.9278156395836713,-0.42479584376305657,-0.29147395268221366
2027-04-05,-1.3533211067345765,0.1194927325620418,-0.5190784832484263,-1.752906857420961
2027-04-06,-1.2189968969886373,0.18479912585648833,-0.4654925607646263,-1.4996903318967754
2027-04-07,-1.056357670321919,0.399038857423162,-0.5508548226572226,-1.2081736355559798
2027-04-08,-0.8851820153636225,1.0361176202559117,-0.35448799296503564,-0.20355238807274645
2027-04-09,-0.736978107209892,0.07811960214201785,-1.2375139418967058,-1.89637244696458
2027-04-10,-0.9273702626342355,0.742184912661157,-0.5231478620546928,-0.7083332120277712
2027-04-11,-0.6787640371479584,1.1855786739684422,-0.3162035616523025,0.19061107516818127
2027-04-12,-0.7939346583095035,1.0165323978001688,-0.6873675870305025,-0.4647698475398372
2027-04-13,-0.6854790888795065,0.9211281028379185,-0.17877460615678964,0.05687440780162234
2027-04-14,-0.7591981403755212,1.3789558334341898,-0.30788468180994727,0.3118730112487213
2027-04-15,-0.5724282846316113,-0.4298648767748693,0.3288439098581847,-0.6734492515482958
2027-04-16,-0.5641596850187929,1.294797578067709,0.32334602779311783,1.0539839208420339
2027-04-17,-0.3921027630451504,0.6533800889776489,-0.2386913282857384,0.02258599764676006
2027-04-18,0.1126625389215441,0.07986348247334984,-0.09434341618735836,0.09818260520753558
2027-04-19,-0.18810346485555166,1.2555997221174673,-0.021296112876800187,1.0462001443851154
2027-04-20,0.6280771108577277,1.6816545327092132,-0.0846316464485801,2.225099997118361
2027-04-21,0.29907350245726005,0.9109878754329578,0.15922459220094562,1.3692859700911635
2027-04-22,0.3341839417141559,1.431247319186713,-0.07716836337060673,1.688262897530262
2027-04-23,0.21938226444380593,1.7265069410607583,-0.13964489524247048,1.8062443102620938
2027-04-24,0.6210456193576976,1.5341867943946277,0.4350777750071646,2.5903101887594904
2027-04-25,0.45098007165062554,1.6443135957932542,0.4852274539759286,2.580521121419808
2027-04-26,0.6699772328719636,1.1347603939757327,0.10243725458269429,1.9071748814303906
2027-04-27,1.2306094359428932,0.733148180756159,0.658842864536726,2.622600481235778
2027-04-28,0.7652178676828919,-0.18076535206076316,0.2462917820284338,0.8307442976505626
2027-04-29,1.072284068484189,0.4157754936235127,0.5561543518496533,2.044213913957355
2027-04-30,0.751376397674193,0.030389045013913096,0.7695474020169348,1.5513128447050408
2027-05-01,0.9256835781986286,1.4461729484918617,0.5552915087259148,2.9271480354164052
2027-05-02,1.3181919540144382,0.17784391954512702,0.7423154879296042,2.2383513614891695
2027-05-03,0.8603566785713974,0.2298188110663018,0.4899678397786012,1.5801433294163003
2027-05-04,1.3601087759150379,0.3447079148665426,0.6233483705974108,2.328165061378991
2027-05-05,1.1410705456718264,-0.009173808544989597,0.656216763507542,1.788113500634379
2027-05-06,0.8789410226398545,0.7169197221846948,0.5278927733873922,2.1237535182119416
2027-05-07,1.0999240602892593,-0.5402562752359733,0.7308464388635583,1.2905142239168441
2027-05-08,1.1402352212555764,-0.22766625427199658,0.34934632010463557,1.2619152870882153
2027-05-09,1.0329187777219984,-0.7889966696232422,0.6946044019496735,0.9385265100484297
2027-05-10,0.5482662961792377,-1.166389893684995,0.7824021565740762,0.1642785590683189
2027-05-11,0.6620223310016645,-0.8958208768626019,0.8147559472928299,0.5809574014318925
2027-05-12,0.695016793909524,-0.686117974453047,0.8406771473955154,0.8495759668519923
2027-05-13,0.6592655871127264,-0.9532434984227619,0.9138312889081529,0.6198533775981174
2027-05-14,0.7211825376897618,-1.148415915359972,1.0930967561932725,0.6658633785230623
2027-05-15,0.5495186561741859,-1.5609618250809048,1.2261505085238444,0.21470733961712574
2027-05-16,0.15870441921987316,-0.9463826624255857,0.7809879172154679,-0.006690325990244661
2027-05-17,0.40935351015610355,-1.6951760849678712,0.6246400421738898,-0.6611825326378777
2027-05-18,0.35964137529559015,-0.5913536331498657,0.6802063011821249,0.44849404332784937
2027-05-19,0.25131933855545374,-0.9490217315687528,0.8513965425493271,0.153694149536028
2027-05-20,0.255961965277594,-1.7279831839926687,0.8942254435861936,-0.5777957751288811
2027-05-21,0.10663709567680962,-1.1527940486202706,0.7685484551846545,-0.27760849775880636
2027-05-22,-0.06766350249532838,-1.363276209098477,0.6079593642482173,-0.8229803473455879
2027-05-23,-0.27129117727707114,-0.8067554911467327,0.8547137369718836,-0.22333293145192035
2027-05-24,-0.6846383010854791,-0.2656068861067419,1.0382552343655014,0.08801004717328043
2027-05-25,-0.3581890248809912,-1.8335571816138354,1.1521542954456474,-1.0395919110491794
2027-05-26,-0.48980425861853105,-0.7896444993581802,0.7938031405516619,-0.4856456174250492
2027-05-27,-0.5589461643678144,-0.8699460107601855,0.8221132359838779,-0.6067789391441221
2027-05-28,-0.9444042722215261,-0.38903943280322123,0.6506210773327241,-0.6828226276920233
2027-05-29,-0.9741736850267168,-0.545699957483793,0.8994957134309809,-0.6203779290795288
2027-05-30,-0.6086663166447001,-0.9493541893375186,0.6324239235415804,-0.9255965824406384
2027-05-31,-0.8803562847743659,-0.6482388244191504,1.0346989876580353,-0.4938961215354809
2027-06-01,-0.7805762966343169,-0.7971840707809863,0.300652373700139,-1.2771079937151641
2027-06-02,-0.9464828167180169,0.23236152723288683,0.7000845019312423,-0.01403678755388782
2027-06-03,-0.9719517868705021,-0.19840324316512423,0.8678471750863632,-0.302507854949263
2027-06-04,-0.8062318927281756,0.8402080990374562,0.8002635153761002,0.8342397216853807
2027-06-05,-1.1031526318264822,-0.04094287423302776,1.5187590519702354,0.3746635459107255
2027-06-06,-0.9767834562795383,-0.2649350380021295,0.7797480002642391,-0.4619704940174286
2027-06-07,-1.0745748160740292,-0.5685999778740538,0.33586398541001333,-1.3073108085380696
2027-06-08,-1.0453181345051377,-0.6162047506133823,0.5691210927785328,-1.0924017923399871
2027-06-09,-0.9869762396701464,-0.412446288531213,0.024072379698275914,-1.3753501485030837
2027-06-10,-0.8381942754033954,0.6036485495642212,0.4905601921348038,0.2560144662956296
2027-06-11,-0.9270311112432184,0.8102143405911046,0.22133055478839223,0.10451378413627851
2027-06-12,-0.5204846301432786,-0.15453080485720283,0.7011938365126152,0.026178401512133798
2027-06-13,-0.883201853652516,1.157441073689402,0.21597783369412704,0.4902170537310131
2027-06-14,-0.6672623231067256,0.5351554561799114,0.29912140210984656,0.1670145351830324
2027-06-15,-0.6371481743696144,0.9090861637905927,0.09595988128317365,0.36789787070415203
2027-06-16,-0.1736329098149561,1.6924537128832666,0.7600422773048914,2.2788630803732017
2027-06-17,-0.3329176277722032,1.3765607473918722,0.09317783692801963,1.1368209565476886
2027-06-18,-0.07134058660994974,0.8263997772465146,0.690007796870832,1.445066987507397
2027-06-19,-0.4775276990697032,0.5379943520945905,0.3348257008525987,0.39529235387748596
2027-06-20,-0.027909047964924265,-0.07921958305213594,0.1853132755504736,0.0781846445334134
2027-06-21,0.19651609488748775,0.6402505325916918,0.10132457472712388,0.9380912022063035
2027-06-22,0.13477002602634952,0.887411204593777,0.05887842676148203,1.0810596573816085
2027-06-23,0.4299504489260515,0.48261420103160474,-0.6873798086979808,0.22518484125967553
2027-06-24,0.20977109241301073,0.8840492143363908,-0.24228768704993595,0.8515326196994655
2027-06-25,0.6883430005359166,0.9520885070017369,0.04577656270309213,1.6862080702407456
2027-06-26,0.9554365183137443,0.756090427920119,-0.2710688246752497,1.4404581215586136
2027-06-27,0.5073201227547037,0.48969503276735526,-0.7259445990111952,0.27107055651086376
2027-06-28,0.5692242242548962,0.837061387158978,-0.3673361448900571,1.038949466523817
2027-06-29,1.0208607545767072,0.9042210341382977,0.11326853431997636,2.0383503230349813
2027-06-30,1.1106616631634703,0.06174101357493411,-0.06924921618991137,1.103153460548493
2027-07-01,0.7467977517970324,1.2300322357415945,-0.506163483001551,1.4706665045370757
2027-07-02,0.8154483118300867,0.38765618276658204,-0.24515439463278366,0.957950099963885
2027-07-03,0.8822573079620648,0.3543934009708559,-0.6822419848002137,0.5544087241327071
2027-07-04,0.6994743588933299,0.6036473296016167,-1.1237216290234855,0.1794000594714611
2027-07-05,0.8047087255727878,0.26822638970818774,-0.9286391423327353,0.14429597294824037
2027-07-06,0.7978094583874071,0.528749926960355,-0.2195439990852111,1.1070153862625511
2027-07-07,0.8452985386744103,0.09578559713371561,-0.8059991698734993,0.1350849659346266
2027-07-08,0.9821612547013303,-0.4534759014083484,-0.8303979286593361,-0.3017125753663543
2027-07-09,1.0162986165859191,-0.06451483469960645,-0.8790226208516041,0.07276116103470853
2027-07-10,1.2502267259453679,-0.9126884614116394,-0.24754634525494568,0.0899919192787828
2027-07-11,0.7017333420424757,-0.37869885099891826,-0.35866926578680947,-0.035634774743251996
2027-07-12,1.0505396203891217,-0.5374208652597843,-0.20637678710483698,0.3067419680245005
2027-07-13,0.7546187225339527,-0.7074877445273013,-0.943098763994765,-0.8959677859881137
2027-07-14,0.7232975781428056,-0.7442922513068041,-0.8278342012915053,-0.8488288744555038
2027-07-15,0.7966022518831657,-1.6907476280504488,-1.390359833228164,-2.284505209395447
2027-07-16,0.3589311107948392,-1.0864931842767818,-0.5087943305114824,-1.236356403993425
2027-07-17,0.5759647315259617,-0.8199013631369316,-1.3163369227532566,-1.5602735543642265
2027-07-18,0.44378982426005065,-0.8319326798319833,-0.9126842827112323,-1.3008271382831649
2027-07-19,0.4159046616092992,-1.4621244959666884,-1.3161778214025643,-2.3623976557599535
2027-07-20,0.2789916639298968,-0.342384085246738,-1.1704502687621554,-1.2338426900789967
2027-07-21,0.6137517524882814,-1.4255322541797932,-1.2492881496873818,-2.0610686513788936
2027-07-22,-0.10454837814117843,-0.5150068735191901,-1.1822964444615491,-1.8018516961219175
2027-07-23,-0.18312168267576043,-0.7834399101713064,-1.1609958091796728,-2.12755740202674
2027-07-24,-0.30070372523353994,-1.3074902983159433,-1.160567141597117,-2.7687611651466004
2027-07-25,-0.3845650826621775,-0.07422518334703931,-0.7404241369641396,-1.1992144029733565
2027-07-26,-0.4956087047389759,-1.5265922384917747,-1.3137454108223905,-3.3359463540531413
2027-07-27,-0.22131134744920045,-0.4287999360770768,-0.9055312023375748,-1.555642485863852
2027-07-28,-0.26140985660941496,-0.3378126945749008,-0.5932842142603252,-1.1925067654446408
2027-07-29,-0.7406054548393979,-1.1147667321841912,-1.0972130181830948,-2.9525852052066837
2027-07-30,-0.8676134573600363,-0.01678867869384193,-1.1408542808956086,-2.0252564169494867
2027-07-31,-0.6745397955897816,-0.7644850136825146,-0.9745472915134241,-2.4135721007857205
2027-08-01,-0.9392662555047863,-0.4151660789083047,-0.5291206284972024,-1.8835529629102936
2027-08-02,-0.7539527109577093,-0.3438126434458682,-0.8002470531653643,-1.8980124075689417
2027-08-03,-0.8828738428337999,-0.4508528156850158,-0.9911390310108779,-2.3248656895296937
2027-08-04,-1.260299750951073,0.11581459753999396,-0.6578281437727496,-1.8023132971838285
2027-08-05,-0.6717788329531156,0.20415721009455282,-1.1028881209225343,-1.570509743781097
2027-08-06,-0.6364286597423221,-0.9679264807985206,-0.5350718606454689,-2.1394270011863115
2027-08-07,-1.1225385055935326,0.6583721079595531,-0.5823284451037178,-1.0464948427376974
2027-08-08,-1.0719061753399497,-0.7252434949966615,-0.760922192908636,-2.5580718632452473
2027-08-09,-0.9216425060509006,0.721016971762265,-0.8821533043144918,-1.0827788386031274
2027-08-10,-0.8865939452777373,0.8647920755098423,-0.8570036391652134,-0.8788055089331084
2027-08-11,-0.7869192578498443,-0.15035995441917138,-0.3894987686565687,-1.3267779809255844
2027-08-12,-0.4725513852995503,0.2794519292930856,-0.13881985237517663,-0.33191930838164135
2027-08-13,-0.8572072821296324,0.016898000022344095,-0.6550078400924658,-1.495317122199754
2027-08-14,-0.9204914969497513,0.5414883231103316,-0.28144172054079974,-0.6604448943802195
2027-08-15,-0.9681081227298143,0.5676461178733295,-0.9991608766692427,-1.3996228815257274
2027-08-16,-0.7629258382086135,1.1769973270689562,-0.5016006921225584,-0.0875292032622157
2027-08-17,-0.5416985173718434,1.4999601218921477,-0.28788028608082084,0.6703813184394835
2027-08-18,-0.0891485688990516,1.5918453223386997,-0.5031186031653041,0.9995781502743439
2027-08-19,-0.4600925513894539,0.6531844851420927,-0.4622410483065666,-0.26914911455392776
2027-08-20,-0.2167601187470416,0.8605877410382776,-0.33224543218317704,0.311582190108059
2027-08-21,-0.16713670727914537,0.1447658151419492,0.005453534097475621,-0.016917358039720554
2027-08-22,0.1731292639365432,0.5949794802015334,-0.0884902411804436,0.6796185029576329
2027-08-23,0.5407847879083851,1.4817991002438535,-0.653767444892078,1.3688164432601608
2027-08-24,0.02881855349655338,1.7986380582129418,-0.5685589055149336,1.2588977061945616
2027-08-25,0.1353496264040987,0.3552453610817061,-0.06462829053005689,0.42596669695574796
2027-08-26,0.5379844649978107,0.6480447208554656,0.3042238441946295,1.4902530300479058
2027-08-27,0.5581565813112561,0.8934961232096109,-0.6082641866293463,0.8433885178915208
2027-08-28,0.8795314731489698,1.0001422956460053,0.11459775547091833,1.9942715242658935
2027-08-29,0.710289719769178,0.4000292184524716,0.15451083922627118,1.264829777447921
2027-08-30,0.5990296426407719,0.9535891577278852,0.7759741172057266,2.3285929175743836
2027-08-31,0.8596997132934674,0.43395721028373824,0.2901553330414833,1.583812256618689
2027-09-01,1.0265806398368633,0.5862658166427156,0.5657337213629974,2.1785801778425764
2027-09-02,1.024165842051926,0.7833191689435187,0.5372624595788671,2.344747470574312
2027-09-03,1.0081601649243601,0.4249757523159917,-0.10147329034020725,1.3316626269001444
2027-09-04,1.1576167492839562,0.11094511197578577,0.8096261930337921,2.078188054293534
2027-09-05,1.2062824303973858,0.17841795643533231,0.6838027456761653,2.0685031325088836
2027-09-06,1.2672804791617058,0.09079589424688331,0.8101365149162463,2.1682128883248355
2027-09-07,1.1291157946290122,-0.14962227494212646,1.872355566612407,2.8518490862992927
2027-09-08,0.9644899243730853,-0.19396246282316681,0.10434285554328182,0.8748703170932003
2027-09-09,1.0158251788188126,0.6354565887314847,1.2802546531452728,2.9315364206955703
2027-09-10,1.2064965294614602,0.018927467280482724,0.7079736063577166,1.9333976030996594
2027-09-11,0.7708759898372383,-0.5043245320161882,0.909783631419619,1.176335089240669
2027-09-12,0.9677313253751381,-0.0995964138738023,0.8372498509437458,1.7053847624450815
2027-09-13,0.7661299215542621,-0.7019956006758323,0.7488243732807651,0.8129586941591949
2027-09-14,0.7929067298201429,-0.03018937567788782,0.7281473616729544,1.4908647158152095
2027-09-15,0.9773431987776282,-0.5074340579854021,1.0187045528013214,1.4886136935935474
2027-09-16,0.687157184389905,-0.8144929010293123,0.48315536433205064,0.3558196476926434
2027-09-17,0.5790252572481929,-0.5979679610100398,1.179591484771972,1.1606487810101251
2027-09-18,0.21287466300974373,-1.6600376768693539,0.8432841269466149,-0.6038788869129952
2027-09-19,0.5443601281237642,-1.4820178021025718,0.6404265086746408,-0.2972311653041668
2027-09-20,0.4305219721910589,-1.550452349715882,0.853300206772894,-0.2666301707519291
2027-09-21,0.637380061347835,-0.907347122638629,1.3718353375536765,1.1018682762628824
2027-09-22,0.04443186476055668,-0.12810996118565554,0.8379903463069035,0.7543122498818047
2027-09-23,0.05001698016574028,0.11566921223580717,1.1075313006665661,1.2732174930681135
2027-09-24,-0.043798763348977074,-0.6765772318604442,0.779613208030379,0.05923721282095784
2027-09-25,0.12288871576937921,-0.7308547329278836,1.2226847912536958,0.6147187740951914
2027-09-26,-0.30866307183230485,-1.8576754301745764,1.1948809512010783,-0.9714575508058028
2027-09-27,-0.3279080582809627,-1.1947895635954247,1.535259116446749,0.01256149457036182
2027-09-28,-0.35240753247485274,-1.2744238065496267,0.9170039392621543,-0.7098273997623252
2027-09-29,-0.5222035609997165,-1.139237012602813,1.1568425429821065,-0.5045980306204232
2027-09-30,-0.7287600670552105,-0.8528851779915481,0.9698492248086868,-0.6117960202380716
2027-10-01,-0.6742138978066347,-0.9371768847246604,1.311022776256748,-0.3003680062745471
2027-10-02,-0.5647397196438503,-1.6160943530982328,0.6861386313661901,-1.4946954413758928
2027-10-03,-1.043415135417159,-0.17154294603728643,1.1025630462361267,-0.11239503521831873
2027-10-04,-0.8617900078089794,-0.9954727767130042,0.7957281724374963,-1.0615346120844873
2027-10-05,-1.069803534035449,-0.2484938334649419,0.8078219184624637,-0.5104754490379272
2027-10-06,-0.7228754255405901,0.7635861737107326,0.8254778620571428,0.8661886102272852
2027-10-07,-1.2890166780818393,-0.6357530790231088,0.8425035160518746,-1.0822662410530735
2027-10-08,-1.1088226198345899,-1.3420510255206153,0.6989252854537817,-1.7519483599014236
2027-10-09,-0.924292752001782,-0.11998742404387329,0.7633364517645806,-0.2809437242810746
2027-10-10,-0.679338174881597,0.6731865002952916,1.1357394702548929,1.1295877956685874
2027-10-11,-0.9883847244514371,1.2003463611930518,0.9196650996324406,1.1316267363740553
2027-10-12,-1.0593220466085869,-0.2973460957065068,0.8449429621623545,-0.5117251801527392
2027-10-13,-0.5356232747197631,0.658862737917316,0.4062409298541957,0.5294803930517485
2027-10-14,-1.155919065399585,0.26684061122798686,0.2334797682100897,-0.6555986859615084
2027-10-15,-1.2518831273920101,0.5305135784668255,0.7429410436516541,0.021571494726469465
2027-10-16,-0.661810242875622,1.9838213283495434,0.6741231339135054,1.996134219387427
2027-10-17,-0.780423289606575,-0.01828459477329103,0.8070404603193506,0.008332575939484554
2027-10-18,-0.8076638604463754,0.924295417029039,0.13706232331171264,0.2536938798943762
2027-10-19,-0.3791217136759661,1.0875295761576524,0.20161369246984023,0.9100215549515265
2027-10-20,-0.38420497496113415,1.4443038384890516,-0.2698212365645548,0.7902776269633628
2027-10-21,-0.45362691410529726,0.98912334099123,0.05527345908733919,0.590769885973272
2027-10-22,-0.5013128652018333,1.1234846364220388,0.4225442759190582,1.0447160471392638
2027-10-23,0.027249159447950505,0.7932761678421945,-0.06612602763484429,0.7543992996553006
2027-10-24,0.08227880509501145,1.133422242299965,0.21603147006298598,1.4317325174579623
2027-10-25,0.032361488884467854,0.8270406873852387,-0.0832581613158588,0.7761440149538478
2027-10-26,0.5209606211977407,1.29922277446721,0.021180372408114614,1.8413637680730652
2027-10-27,0.03553776004001327,0.7835555318556293,-0.4700836073039127,0.34900968459172993
2027-10-28,0.03987770223382053,1.1271592271511115,-0.1496384347969838,1.0173984945879484
2027-10-29,0.2985821920898655,0.8848476825132419,-1.1215292283541451,0.06190064624896219
2027-10-30,0.5154616745331912,1.4143869761649353,-0.32868409759167605,1.6011645531064504
2027-10-31,0.6556204206626955,0.769041224217565,-0.809502640166688,0.6151590047135727
2027-11-01,0.635014503164855,-0.15634267310862104,-0.005506994170146551,0.4731648358860874
2027-11-02,0.8231550527796057,1.2892741334766462,-0.18010975330298237,1.9323194329532696
2027-11-03,0.5643971784203692,0.12700940509852304,-0.3183241599019416,0.3730824236169507
2027-11-04,1.1572788101684401,0.16876063374611305,-0.04587150675844137,1.2801679371561119
2027-11-05,0.8972384561806628,0.10862909454725733,-0.8294410796577623,0.17642647107015774
2027-11-06,1.1731415851318499,1.0004335152728627,-0.06178828093988642,2.111786819464826
2027-11-07,1.044752302239296,-0.8509974466196435,-0.3461062000213637,-0.15235134440171128
2027-11-08,1.084328750963474,1.6871725286732129,-0.7349326011682531,2.036568678468434
2027-11-09,1.1137809283365736,0.5466032707216085,-0.3598227473000911,1.300561451758091
2027-11-10,1.0862286038469093,0.03028533367562132,-1.0671887144701533,0.0493252230523773
2027-11-11,1.1121322974078538,-0.20787744959922716,-1.015608909781969,-0.1113540619733423
2027-11-12,1.2264914214302283,-0.13494693635745514,-0.9818653423185693,0.10967914275420387
2027-11-13,0.9674397129990018,-0.11168135794906814,-0.98701769698685,-0.13125934193691635
2027-11-14,1.028137171325415,-0.14043405278240007,-1.1722572570382928,-0.2845541384952778
2027-11-15,0.8177342411764269,-0.27141232531285897,-0.5131928442400644,0.033129071623503537
2027-11-16,1.0646999312401664,-0.5851093599236306,-0.9804020485836061,-0.5008114772670703
2027-11-17,0.574632841120324,-0.8029603033508502,-0.8173658078892957,-1.045693270119822
2027-11-18,0.9962410024368243,-0.8472820838743218,-1.1122869657483685,-0.963328047185866
2027-11-19,0.5478077095641851,-0.928743904889425,-1.5030743396850448,-1.8840105350102847
2027-11-20,0.18391690056135973,-0.31574306640391203,-0.8891962006659082,-1.0210223665084606
2027-11-21,0.4052286220096796,-0.628369175455983,-1.55478493122903,-1.7779254846753334
2027-11-22,0.14914031052835705,-2.428617507314974,-1.010141422703391,-3.289618619490008
2027-11-23,0.35637112552618744,-0.6541722074026461,-1.4060151281283586,-1.7038162100048173
2027-11-24,-0.041271462420229096,-0.8986408596634918,-0.4028189412259571,-1.342731263309678
2027-11-25,-0.09986422529539177,-1.0092979043393944,-0.726577064777028,-1.8357391944118142
2027-11-26,-0.4883103700810091,-1.1881462165788845,-0.9667444405612515,-2.643201027221145
2027-11-27,-0.2995350704541945,-0.4158435036903638,-0.615347614708114,-1.3307261888526725
2027-11-28,-0.790432258277654,-0.47837865408366675,-1.2418578201656012,-2.5106687325269217
2027-11-29,-0.7159655263546996,-1.303309253538513,-0.8159532292001004,-2.8352280090933126
2027-11-30,-0.33664207495049703,-0.6689117443902146,-0.9076409458055645,-1.9131947651462762
2027-12-01,-0.41622184026025644,-1.3051166125621023,-0.8745466283593708,-2.59588508118173
2027-12-02,-0.5672181833144271,-1.4477616276986285,-0.5558312946386135,-2.570811105651669
2027-12-03,-0.9181150851240173,-1.00240224632498,-0.6992310506462114,-2.6197483820952088
2027-12-04,-0.7994311273077396,-0.18205329034075707,-0.8115059513332955,-1.7929903689817923
2027-12-05,-0.8478860551312137,-0.05476650479464151,-1.3714888098579356,-2.274141369783791
2027-12-06,-1.1276505782723119,-0.18755645437600577,-1.1377488956374064,-2.452955928285724
2027-12-07,-0.6351577607886989,0.010115884108656603,-0.8591362202122044,-1.4841780968922467
2027-12-08,-0.790874165569986,0.0008456734899798257,-0.7648449803379029,-1.5548734724179092
2027-12-09,-1.0313932449619103,-0.48022543671159046,-1.1004692336907134,-2.612087915364214
2027-12-10,-0.9928132487343174,0.1558289819995029,-0.00455341352561256,-0.8415376802604271
2027-12-11,-0.9575302725968432,0.44002564300698005,-0.23796673765762383,-0.7554713672474869
2027-12-12,-1.3985864811310167,0.5165218389566912,-0.4753461446124266,-1.357410786786752
2027-12-13,-1.0208135113813444,0.8319955527845079,-0.5958276563683383,-0.7846456149651748
2027-12-14,-1.0792077236782418,0.6874800738053888,-0.6410152045160749,-1.0327428543889279
2027-12-15,-1.1051474606571723,0.6015110324400956,-0.8213987697401856,-1.3250351979572623
2027-12-16,-0.9140154049506459,1.0490665040471479,-0.46971051533765257,-0.33465941624115064
2027-12-17,-0.4426591211472877,0.5837995794691986,-0.371528218058873,-0.23038775973696213
2027-12-18,-0.6104136528846594,0.23322607943725338,-0.7761595607629583,-1.1533471342103643
2027-12-19,-0.7818241522647246,0.6629971011421468,-0.25714700269863544,-0.3759740538212132
2027-12-20,-0.47540760504617097,0.4350073352963255,-0.35685286858377346,-0.3972531383336189
